date,local,ndoc,noc
1941-01-01,Montalegre,7,1
1941-01-01,Bragança,0,0
1941-01-01,Mirandela,6,1
1941-01-01,Miranda do Douro,,
1941-01-01,Vila Real/CC,17,2
1941-01-01,Carrazêda de Ansiães,,
1941-01-01,Pinhão,,
1941-01-01,Guarda,,
1941-01-01,Nelas,,
1941-01-01,Penhas Douradas,0,0
1941-01-01,Fundão,,
1941-01-01,Castelo Branco,,
1942-01-01,Montalegre,7,1
1942-01-01,Bragança,6,1
1942-01-01,Mirandela,7,1
1942-01-01,Miranda do Douro,0,0
1942-01-01,Vila Real/CC,7,1
1942-01-01,Carrazêda de Ansiães,,
1942-01-01,Pinhão,,
1942-01-01,Guarda,,
1942-01-01,Nelas,,
1942-01-01,Penhas Douradas,6,1
1942-01-01,Fundão,,
1942-01-01,Castelo Branco,,
1943-01-01,Montalegre,7,1
1943-01-01,Bragança,7,1
1943-01-01,Mirandela,19,3
1943-01-01,Miranda do Douro,7,1
1943-01-01,Vila Real/CC,29,3
1943-01-01,Carrazêda de Ansiães,,
1943-01-01,Pinhão,,
1943-01-01,Guarda,,
1943-01-01,Nelas,,
1943-01-01,Penhas Douradas,13,2
1943-01-01,Fundão,,
1943-01-01,Castelo Branco,,
1944-01-01,Montalegre,0,0
1944-01-01,Bragança,0,0
1944-01-01,Mirandela,0,0
1944-01-01,Miranda do Douro,0,0
1944-01-01,Vila Real/CC,14,1
1944-01-01,Carrazêda de Ansiães,,
1944-01-01,Pinhão,,
1944-01-01,Guarda,,
1944-01-01,Nelas,,
1944-01-01,Penhas Douradas,0,0
1944-01-01,Fundão,,
1944-01-01,Castelo Branco,,
1945-01-01,Montalegre,0,0
1945-01-01,Bragança,0,0
1945-01-01,Mirandela,0,0
1945-01-01,Miranda do Douro,0,0
1945-01-01,Vila Real/CC,6,1
1945-01-01,Carrazêda de Ansiães,,
1945-01-01,Pinhão,,
1945-01-01,Guarda,,
1945-01-01,Nelas,,
1945-01-01,Penhas Douradas,0,0
1945-01-01,Fundão,,
1945-01-01,Castelo Branco,,
1946-01-01,Montalegre,0,0
1946-01-01,Bragança,0,0
1946-01-01,Mirandela,0,0
1946-01-01,Miranda do Douro,0,0
1946-01-01,Vila Real/CC,6,1
1946-01-01,Carrazêda de Ansiães,,
1946-01-01,Pinhão,,
1946-01-01,Guarda,,
1946-01-01,Nelas,,
1946-01-01,Penhas Douradas,0,0
1946-01-01,Fundão,,
1946-01-01,Castelo Branco,,
1947-01-01,Montalegre,0,0
1947-01-01,Bragança,0,0
1947-01-01,Mirandela,0,0
1947-01-01,Miranda do Douro,0,0
1947-01-01,Vila Real/CC,6,1
1947-01-01,Carrazêda de Ansiães,,
1947-01-01,Pinhão,,
1947-01-01,Guarda,,
1947-01-01,Nelas,,
1947-01-01,Penhas Douradas,0,0
1947-01-01,Fundão,,
1947-01-01,Castelo Branco,,
1948-01-01,Montalegre,0,0
1948-01-01,Bragança,7,1
1948-01-01,Mirandela,0,0
1948-01-01,Miranda do Douro,0,0
1948-01-01,Vila Real/CC,13,2
1948-01-01,Carrazêda de Ansiães,,
1948-01-01,Pinhão,,
1948-01-01,Guarda,,
1948-01-01,Nelas,,
1948-01-01,Penhas Douradas,0,0
1948-01-01,Fundão,,
1948-01-01,Castelo Branco,,
1949-01-01,Montalegre,12,2
1949-01-01,Bragança,0,0
1949-01-01,Mirandela,12,2
1949-01-01,Miranda do Douro,6,1
1949-01-01,Vila Real/CC,25,3
1949-01-01,Carrazêda de Ansiães,,
1949-01-01,Pinhão,,
1949-01-01,Guarda,,
1949-01-01,Nelas,,
1949-01-01,Penhas Douradas,6,1
1949-01-01,Fundão,,
1949-01-01,Castelo Branco,,
1950-01-01,Montalegre,0,0
1950-01-01,Bragança,0,0
1950-01-01,Mirandela,0,0
1950-01-01,Miranda do Douro,0,0
1950-01-01,Vila Real/CC,0,0
1950-01-01,Carrazêda de Ansiães,,
1950-01-01,Pinhão,,
1950-01-01,Guarda,0,0
1950-01-01,Nelas,,
1950-01-01,Penhas Douradas,0,0
1950-01-01,Fundão,,
1950-01-01,Castelo Branco,0,0
1951-01-01,Montalegre,0,0
1951-01-01,Bragança,0,0
1951-01-01,Mirandela,0,0
1951-01-01,Miranda do Douro,0,0
1951-01-01,Vila Real/CC,0,0
1951-01-01,Carrazêda de Ansiães,,
1951-01-01,Pinhão,,
1951-01-01,Guarda,0,0
1951-01-01,Nelas,,
1951-01-01,Penhas Douradas,0,0
1951-01-01,Fundão,,
1951-01-01,Castelo Branco,0,0
1952-01-01,Montalegre,0,0
1952-01-01,Bragança,0,0
1952-01-01,Mirandela,0,0
1952-01-01,Miranda do Douro,0,0
1952-01-01,Vila Real/CC,0,0
1952-01-01,Carrazêda de Ansiães,,
1952-01-01,Pinhão,,
1952-01-01,Guarda,0,0
1952-01-01,Nelas,,
1952-01-01,Penhas Douradas,0,0
1952-01-01,Fundão,,
1952-01-01,Castelo Branco,0,0
1953-01-01,Montalegre,0,0
1953-01-01,Bragança,0,0
1953-01-01,Mirandela,0,0
1953-01-01,Miranda do Douro,0,0
1953-01-01,Vila Real/CC,4,0
1953-01-01,Carrazêda de Ansiães,,
1953-01-01,Pinhão,,
1953-01-01,Guarda,0,0
1953-01-01,Nelas,,
1953-01-01,Penhas Douradas,0,0
1953-01-01,Fundão,,
1953-01-01,Castelo Branco,3,0
1954-01-01,Montalegre,0,0
1954-01-01,Bragança,0,0
1954-01-01,Mirandela,0,0
1954-01-01,Miranda do Douro,0,0
1954-01-01,Vila Real/CC,0,0
1954-01-01,Carrazêda de Ansiães,,
1954-01-01,Pinhão,,
1954-01-01,Guarda,0,0
1954-01-01,Nelas,,
1954-01-01,Penhas Douradas,0,0
1954-01-01,Fundão,,
1954-01-01,Castelo Branco,0,0
1955-01-01,Montalegre,8,1
1955-01-01,Bragança,0,0
1955-01-01,Mirandela,0,0
1955-01-01,Miranda do Douro,0,0
1955-01-01,Vila Real/CC,6,1
1955-01-01,Carrazêda de Ansiães,,
1955-01-01,Pinhão,,
1955-01-01,Guarda,0,0
1955-01-01,Nelas,,
1955-01-01,Penhas Douradas,0,0
1955-01-01,Fundão,,
1955-01-01,Castelo Branco,0,0
1956-01-01,Montalegre,0,0
1956-01-01,Bragança,0,0
1956-01-01,Mirandela,0,0
1956-01-01,Miranda do Douro,0,0
1956-01-01,Vila Real/CC,0,0
1956-01-01,Carrazêda de Ansiães,,
1956-01-01,Pinhão,,
1956-01-01,Guarda,0,0
1956-01-01,Nelas,,
1956-01-01,Penhas Douradas,0,0
1956-01-01,Fundão,,
1956-01-01,Castelo Branco,0,0
1957-01-01,Montalegre,0,0
1957-01-01,Bragança,0,0
1957-01-01,Mirandela,0,0
1957-01-01,Miranda do Douro,0,0
1957-01-01,Vila Real/CC,0,0
1957-01-01,Carrazêda de Ansiães,,
1957-01-01,Pinhão,,
1957-01-01,Guarda,0,0
1957-01-01,Nelas,,
1957-01-01,Penhas Douradas,0,0
1957-01-01,Fundão,,
1957-01-01,Castelo Branco,0,0
1958-01-01,Montalegre,0,0
1958-01-01,Bragança,0,0
1958-01-01,Mirandela,0,0
1958-01-01,Miranda do Douro,0,0
1958-01-01,Vila Real/CC,0,0
1958-01-01,Carrazêda de Ansiães,,
1958-01-01,Pinhão,,
1958-01-01,Guarda,0,0
1958-01-01,Nelas,,
1958-01-01,Penhas Douradas,0,0
1958-01-01,Fundão,0,0
1958-01-01,Castelo Branco,0,0
1959-01-01,Montalegre,6,1
1959-01-01,Bragança,6,1
1959-01-01,Mirandela,0,0
1959-01-01,Miranda do Douro,6,1
1959-01-01,Vila Real/CC,6,1
1959-01-01,Carrazêda de Ansiães,,
1959-01-01,Pinhão,,
1959-01-01,Guarda,0,0
1959-01-01,Nelas,,
1959-01-01,Penhas Douradas,0,0
1959-01-01,Fundão,0,0
1959-01-01,Castelo Branco,0,0
1960-01-01,Montalegre,0,0
1960-01-01,Bragança,0,0
1960-01-01,Mirandela,0,0
1960-01-01,Miranda do Douro,0,0
1960-01-01,Vila Real/CC,0,0
1960-01-01,Carrazêda de Ansiães,,
1960-01-01,Pinhão,,
1960-01-01,Guarda,0,0
1960-01-01,Nelas,,
1960-01-01,Penhas Douradas,0,0
1960-01-01,Fundão,0,0
1960-01-01,Castelo Branco,0,0
1961-01-01,Montalegre,0,0
1961-01-01,Bragança,0,0
1961-01-01,Mirandela,0,0
1961-01-01,Miranda do Douro,0,0
1961-01-01,Vila Real/CC,10,1
1961-01-01,Carrazêda de Ansiães,,
1961-01-01,Pinhão,,
1961-01-01,Guarda,0,0
1961-01-01,Nelas,7,1
1961-01-01,Penhas Douradas,0,0
1961-01-01,Fundão,0,0
1961-01-01,Castelo Branco,0,0
1962-01-01,Montalegre,14,2
1962-01-01,Bragança,6,1
1962-01-01,Mirandela,0,0
1962-01-01,Miranda do Douro,7,1
1962-01-01,Vila Real/CC,15,2
1962-01-01,Carrazêda de Ansiães,,
1962-01-01,Pinhão,,
1962-01-01,Guarda,7,1
1962-01-01,Nelas,7,1
1962-01-01,Penhas Douradas,7,1
1962-01-01,Fundão,7,1
1962-01-01,Castelo Branco,7,1
1963-01-01,Montalegre,0,0
1963-01-01,Bragança,0,0
1963-01-01,Mirandela,0,0
1963-01-01,Miranda do Douro,0,0
1963-01-01,Vila Real/CC,0,0
1963-01-01,Carrazêda de Ansiães,,
1963-01-01,Pinhão,,
1963-01-01,Guarda,0,0
1963-01-01,Nelas,0,0
1963-01-01,Penhas Douradas,0,0
1963-01-01,Fundão,0,0
1963-01-01,Castelo Branco,0,0
1964-01-01,Montalegre,0,0
1964-01-01,Bragança,0,0
1964-01-01,Mirandela,0,0
1964-01-01,Miranda do Douro,0,0
1964-01-01,Vila Real/CC,0,0
1964-01-01,Carrazêda de Ansiães,,
1964-01-01,Pinhão,,
1964-01-01,Guarda,0,0
1964-01-01,Nelas,0,0
1964-01-01,Penhas Douradas,0,0
1964-01-01,Fundão,0,0
1964-01-01,Castelo Branco,0,0
1965-01-01,Montalegre,0,0
1965-01-01,Bragança,0,0
1965-01-01,Mirandela,0,0
1965-01-01,Miranda do Douro,0,0
1965-01-01,Vila Real/CC,0,0
1965-01-01,Carrazêda de Ansiães,,
1965-01-01,Pinhão,,
1965-01-01,Guarda,0,0
1965-01-01,Nelas,0,0
1965-01-01,Penhas Douradas,0,0
1965-01-01,Fundão,0,0
1965-01-01,Castelo Branco,0,0
1966-01-01,Montalegre,0,0
1966-01-01,Bragança,0,0
1966-01-01,Mirandela,0,0
1966-01-01,Miranda do Douro,0,0
1966-01-01,Vila Real/CC,0,0
1966-01-01,Carrazêda de Ansiães,,
1966-01-01,Pinhão,,
1966-01-01,Guarda,0,0
1966-01-01,Nelas,0,0
1966-01-01,Penhas Douradas,0,0
1966-01-01,Fundão,0,0
1966-01-01,Castelo Branco,0,0
1967-01-01,Montalegre,0,0
1967-01-01,Bragança,0,0
1967-01-01,Mirandela,0,0
1967-01-01,Miranda do Douro,0,0
1967-01-01,Vila Real/CC,0,0
1967-01-01,Carrazêda de Ansiães,,
1967-01-01,Pinhão,,
1967-01-01,Guarda,0,0
1967-01-01,Nelas,0,0
1967-01-01,Penhas Douradas,0,0
1967-01-01,Fundão,0,0
1967-01-01,Castelo Branco,0,0
1968-01-01,Montalegre,0,0
1968-01-01,Bragança,0,0
1968-01-01,Mirandela,0,0
1968-01-01,Miranda do Douro,0,0
1968-01-01,Vila Real/CC,7,1
1968-01-01,Carrazêda de Ansiães,,
1968-01-01,Pinhão,,
1968-01-01,Guarda,0,0
1968-01-01,Nelas,0,0
1968-01-01,Penhas Douradas,0,0
1968-01-01,Fundão,0,0
1968-01-01,Castelo Branco,0,0
1969-01-01,Montalegre,0,0
1969-01-01,Bragança,0,0
1969-01-01,Mirandela,6,1
1969-01-01,Miranda do Douro,0,0
1969-01-01,Vila Real/CC,7,1
1969-01-01,Carrazêda de Ansiães,,
1969-01-01,Pinhão,,
1969-01-01,Guarda,0,0
1969-01-01,Nelas,0,0
1969-01-01,Penhas Douradas,0,0
1969-01-01,Fundão,0,0
1969-01-01,Castelo Branco,0,0
1970-01-01,Montalegre,0,0
1970-01-01,Bragança,0,0
1970-01-01,Mirandela,0,0
1970-01-01,Miranda do Douro,0,0
1970-01-01,Vila Real/CC,0,0
1970-01-01,Carrazêda de Ansiães,,
1970-01-01,Pinhão,,
1970-01-01,Guarda,0,0
1970-01-01,Nelas,0,0
1970-01-01,Penhas Douradas,2,0
1970-01-01,Fundão,0,0
1970-01-01,Castelo Branco,2,0
1971-01-01,Montalegre,0,0
1971-01-01,Bragança,0,0
1971-01-01,Mirandela,0,0
1971-01-01,Miranda do Douro,0,0
1971-01-01,Vila Real/CC,0,0
1971-01-01,Carrazêda de Ansiães,,
1971-01-01,Pinhão,,
1971-01-01,Guarda,0,0
1971-01-01,Nelas,0,0
1971-01-01,Penhas Douradas,0,0
1971-01-01,Fundão,0,0
1971-01-01,Castelo Branco,0,0
1972-01-01,Montalegre,0,0
1972-01-01,Bragança,0,0
1972-01-01,Mirandela,0,0
1972-01-01,Miranda do Douro,0,0
1972-01-01,Vila Real/CC,0,0
1972-01-01,Carrazêda de Ansiães,,
1972-01-01,Pinhão,,
1972-01-01,Guarda,0,0
1972-01-01,Nelas,0,0
1972-01-01,Penhas Douradas,0,0
1972-01-01,Fundão,0,0
1972-01-01,Castelo Branco,0,0
1973-01-01,Montalegre,0,0
1973-01-01,Bragança,0,0
1973-01-01,Mirandela,0,0
1973-01-01,Miranda do Douro,0,0
1973-01-01,Vila Real/CC,0,0
1973-01-01,Carrazêda de Ansiães,,
1973-01-01,Pinhão,,
1973-01-01,Guarda,0,0
1973-01-01,Nelas,0,0
1973-01-01,Penhas Douradas,0,0
1973-01-01,Fundão,0,0
1973-01-01,Castelo Branco,0,0
1974-01-01,Montalegre,0,0
1974-01-01,Bragança,0,0
1974-01-01,Mirandela,0,0
1974-01-01,Miranda do Douro,0,0
1974-01-01,Vila Real/CC,0,0
1974-01-01,Carrazêda de Ansiães,,
1974-01-01,Pinhão,,
1974-01-01,Guarda,0,0
1974-01-01,Nelas,0,0
1974-01-01,Penhas Douradas,0,0
1974-01-01,Fundão,0,0
1974-01-01,Castelo Branco,0,0
1975-01-01,Montalegre,0,0
1975-01-01,Bragança,0,0
1975-01-01,Mirandela,0,0
1975-01-01,Miranda do Douro,0,0
1975-01-01,Vila Real/CC,0,0
1975-01-01,Carrazêda de Ansiães,,
1975-01-01,Pinhão,,
1975-01-01,Guarda,0,0
1975-01-01,Nelas,0,0
1975-01-01,Penhas Douradas,0,0
1975-01-01,Fundão,0,0
1975-01-01,Castelo Branco,0,0
1976-01-01,Montalegre,0,0
1976-01-01,Bragança,0,0
1976-01-01,Mirandela,0,0
1976-01-01,Miranda do Douro,0,0
1976-01-01,Vila Real/CC,6,1
1976-01-01,Carrazêda de Ansiães,,
1976-01-01,Pinhão,,
1976-01-01,Guarda,0,0
1976-01-01,Nelas,0,0
1976-01-01,Penhas Douradas,0,0
1976-01-01,Fundão,0,0
1976-01-01,Castelo Branco,0,0
1977-01-01,Montalegre,0,0
1977-01-01,Bragança,0,0
1977-01-01,Mirandela,0,0
1977-01-01,Miranda do Douro,0,0
1977-01-01,Vila Real/CC,0,0
1977-01-01,Carrazêda de Ansiães,,
1977-01-01,Pinhão,,
1977-01-01,Guarda,0,0
1977-01-01,Nelas,0,0
1977-01-01,Penhas Douradas,0,0
1977-01-01,Fundão,0,0
1977-01-01,Castelo Branco,0,0
1978-01-01,Montalegre,7,1
1978-01-01,Bragança,7,1
1978-01-01,Mirandela,6,1
1978-01-01,Miranda do Douro,6,1
1978-01-01,Vila Real/CC,6,1
1978-01-01,Carrazêda de Ansiães,,
1978-01-01,Pinhão,,
1978-01-01,Guarda,6,1
1978-01-01,Nelas,0,0
1978-01-01,Penhas Douradas,6,1
1978-01-01,Fundão,6,1
1978-01-01,Castelo Branco,6,1
1979-01-01,Montalegre,0,0
1979-01-01,Bragança,0,0
1979-01-01,Mirandela,0,0
1979-01-01,Miranda do Douro,0,0
1979-01-01,Vila Real/CC,0,0
1979-01-01,Carrazêda de Ansiães,,
1979-01-01,Pinhão,,
1979-01-01,Guarda,0,0
1979-01-01,Nelas,0,0
1979-01-01,Penhas Douradas,0,0
1979-01-01,Fundão,0,0
1979-01-01,Castelo Branco,0,0
1980-01-01,Montalegre,0,0
1980-01-01,Bragança,0,0
1980-01-01,Mirandela,0,0
1980-01-01,Miranda do Douro,0,0
1980-01-01,Vila Real/CC,0,0
1980-01-01,Carrazêda de Ansiães,,
1980-01-01,Pinhão,0,0
1980-01-01,Guarda,0,0
1980-01-01,Nelas,0,0
1980-01-01,Penhas Douradas,0,0
1980-01-01,Fundão,0,0
1980-01-01,Castelo Branco,6,1
1981-01-01,Montalegre,7,1
1981-01-01,Bragança,7,1
1981-01-01,Mirandela,7,1
1981-01-01,Miranda do Douro,6,1
1981-01-01,Vila Real/CC,7,1
1981-01-01,Carrazêda de Ansiães,6,1
1981-01-01,Pinhão,7,1
1981-01-01,Guarda,7,1
1981-01-01,Nelas,8,1
1981-01-01,Penhas Douradas,8,1
1981-01-01,Fundão,8,1
1981-01-01,Castelo Branco,11,1
1982-01-01,Montalegre,0,0
1982-01-01,Bragança,0,0
1982-01-01,Mirandela,0,0
1982-01-01,Miranda do Douro,0,0
1982-01-01,Vila Real/CC,0,0
1982-01-01,Carrazêda de Ansiães,0,0
1982-01-01,Pinhão,0,0
1982-01-01,Guarda,0,0
1982-01-01,Nelas,0,0
1982-01-01,Penhas Douradas,0,0
1982-01-01,Fundão,0,0
1982-01-01,Castelo Branco,0,0
1983-01-01,Montalegre,0,0
1983-01-01,Bragança,0,0
1983-01-01,Mirandela,0,0
1983-01-01,Miranda do Douro,0,0
1983-01-01,Vila Real/CC,0,0
1983-01-01,Carrazêda de Ansiães,0,0
1983-01-01,Pinhão,0,0
1983-01-01,Guarda,0,0
1983-01-01,Nelas,0,0
1983-01-01,Penhas Douradas,0,0
1983-01-01,Fundão,0,0
1983-01-01,Castelo Branco,0,0
1984-01-01,Montalegre,0,0
1984-01-01,Bragança,0,0
1984-01-01,Mirandela,0,0
1984-01-01,Miranda do Douro,0,0
1984-01-01,Vila Real/CC,0,0
1984-01-01,Carrazêda de Ansiães,0,0
1984-01-01,Pinhão,0,0
1984-01-01,Guarda,0,0
1984-01-01,Nelas,0,0
1984-01-01,Penhas Douradas,0,0
1984-01-01,Fundão,0,0
1984-01-01,Castelo Branco,0,0
1985-01-01,Montalegre,0,0
1985-01-01,Bragança,0,0
1985-01-01,Mirandela,0,0
1985-01-01,Miranda do Douro,0,0
1985-01-01,Vila Real/CC,0,0
1985-01-01,Carrazêda de Ansiães,0,0
1985-01-01,Pinhão,0,0
1985-01-01,Guarda,0,0
1985-01-01,Nelas,0,0
1985-01-01,Penhas Douradas,0,0
1985-01-01,Fundão,0,0
1985-01-01,Castelo Branco,0,0
1986-01-01,Montalegre,0,0
1986-01-01,Bragança,0,0
1986-01-01,Mirandela,0,0
1986-01-01,Miranda do Douro,0,0
1986-01-01,Vila Real/CC,0,0
1986-01-01,Carrazêda de Ansiães,0,0
1986-01-01,Pinhão,0,0
1986-01-01,Guarda,0,0
1986-01-01,Nelas,0,0
1986-01-01,Penhas Douradas,0,0
1986-01-01,Fundão,0,0
1986-01-01,Castelo Branco,0,0
1987-01-01,Montalegre,8,1
1987-01-01,Bragança,0,0
1987-01-01,Mirandela,0,0
1987-01-01,Miranda do Douro,0,0
1987-01-01,Vila Real/CC,13,1
1987-01-01,Carrazêda de Ansiães,0,0
1987-01-01,Pinhão,0,0
1987-01-01,Guarda,0,0
1987-01-01,Nelas,9,1
1987-01-01,Penhas Douradas,0,0
1987-01-01,Fundão,0,0
1987-01-01,Castelo Branco,6,1
1988-01-01,Montalegre,0,0
1988-01-01,Bragança,0,0
1988-01-01,Mirandela,0,0
1988-01-01,Miranda do Douro,0,0
1988-01-01,Vila Real/CC,0,0
1988-01-01,Carrazêda de Ansiães,0,0
1988-01-01,Pinhão,0,0
1988-01-01,Guarda,0,0
1988-01-01,Nelas,0,0
1988-01-01,Penhas Douradas,0,0
1988-01-01,Fundão,0,0
1988-01-01,Castelo Branco,0,0
1989-01-01,Montalegre,6,1
1989-01-01,Bragança,0,0
1989-01-01,Mirandela,0,0
1989-01-01,Miranda do Douro,0,0
1989-01-01,Vila Real/CC,15,2
1989-01-01,Carrazêda de Ansiães,0,0
1989-01-01,Pinhão,6,1
1989-01-01,Guarda,0,0
1989-01-01,Nelas,0,0
1989-01-01,Penhas Douradas,7,1
1989-01-01,Fundão,7,1
1989-01-01,Castelo Branco,0,0
1990-01-01,Montalegre,6,1
1990-01-01,Bragança,0,0
1990-01-01,Mirandela,0,0
1990-01-01,Miranda do Douro,0,0
1990-01-01,Vila Real/CC,6,1
1990-01-01,Carrazêda de Ansiães,0,0
1990-01-01,Pinhão,0,0
1990-01-01,Guarda,9,1
1990-01-01,Nelas,6,1
1990-01-01,Penhas Douradas,0,0
1990-01-01,Fundão,0,0
1990-01-01,Castelo Branco,0,0
1991-01-01,Montalegre,0,0
1991-01-01,Bragança,6,1
1991-01-01,Mirandela,6,1
1991-01-01,Miranda do Douro,0,0
1991-01-01,Vila Real/CC,13,2
1991-01-01,Carrazêda de Ansiães,6,1
1991-01-01,Pinhão,0,0
1991-01-01,Guarda,6,1
1991-01-01,Nelas,17,2
1991-01-01,Penhas Douradas,12,2
1991-01-01,Fundão,8,1
1991-01-01,Castelo Branco,8,1
1992-01-01,Montalegre,0,0
1992-01-01,Bragança,0,0
1992-01-01,Mirandela,0,0
1992-01-01,Miranda do Douro,0,0
1992-01-01,Vila Real/CC,0,0
1992-01-01,Carrazêda de Ansiães,0,0
1992-01-01,Pinhão,13,2
1992-01-01,Guarda,0,0
1992-01-01,Nelas,0,0
1992-01-01,Penhas Douradas,0,0
1992-01-01,Fundão,0,0
1992-01-01,Castelo Branco,0,0
1993-01-01,Montalegre,0,0
1993-01-01,Bragança,0,0
1993-01-01,Mirandela,0,0
1993-01-01,Miranda do Douro,0,0
1993-01-01,Vila Real/CC,0,0
1993-01-01,Carrazêda de Ansiães,0,0
1993-01-01,Pinhão,0,0
1993-01-01,Guarda,0,0
1993-01-01,Nelas,0,0
1993-01-01,Penhas Douradas,0,0
1993-01-01,Fundão,0,0
1993-01-01,Castelo Branco,0,0
1994-01-01,Montalegre,0,0
1994-01-01,Bragança,0,0
1994-01-01,Mirandela,0,0
1994-01-01,Miranda do Douro,0,0
1994-01-01,Vila Real/CC,0,0
1994-01-01,Carrazêda de Ansiães,0,0
1994-01-01,Pinhão,0,0
1994-01-01,Guarda,0,0
1994-01-01,Nelas,0,0
1994-01-01,Penhas Douradas,0,0
1994-01-01,Fundão,0,0
1994-01-01,Castelo Branco,0,0
1995-01-01,Montalegre,0,0
1995-01-01,Bragança,0,0
1995-01-01,Mirandela,0,0
1995-01-01,Miranda do Douro,0,0
1995-01-01,Vila Real/CC,0,0
1995-01-01,Carrazêda de Ansiães,0,0
1995-01-01,Pinhão,0,0
1995-01-01,Guarda,0,0
1995-01-01,Nelas,0,0
1995-01-01,Penhas Douradas,0,0
1995-01-01,Fundão,0,0
1995-01-01,Castelo Branco,0,0
1996-01-01,Montalegre,6,1
1996-01-01,Bragança,7,1
1996-01-01,Mirandela,6,1
1996-01-01,Miranda do Douro,7,1
1996-01-01,Vila Real/CC,0,0
1996-01-01,Carrazêda de Ansiães,0,0
1996-01-01,Pinhão,0,0
1996-01-01,Guarda,0,0
1996-01-01,Nelas,0,0
1996-01-01,Penhas Douradas,6,1
1996-01-01,Fundão,0,0
1996-01-01,Castelo Branco,0,0
1997-01-01,Montalegre,0,0
1997-01-01,Bragança,0,0
1997-01-01,Mirandela,0,0
1997-01-01,Miranda do Douro,0,0
1997-01-01,Vila Real/CC,0,0
1997-01-01,Carrazêda de Ansiães,0,0
1997-01-01,Pinhão,0,0
1997-01-01,Guarda,0,0
1997-01-01,Nelas,0,0
1997-01-01,Penhas Douradas,0,0
1997-01-01,Fundão,0,0
1997-01-01,Castelo Branco,0,0
1998-01-01,Montalegre,14,2
1998-01-01,Bragança,0,0
1998-01-01,Mirandela,0,0
1998-01-01,Miranda do Douro,0,0
1998-01-01,Vila Real/CC,6,1
1998-01-01,Carrazêda de Ansiães,0,0
1998-01-01,Pinhão,6,1
1998-01-01,Guarda,0,0
1998-01-01,Nelas,6,1
1998-01-01,Penhas Douradas,0,0
1998-01-01,Fundão,0,0
1998-01-01,Castelo Branco,0,0
1999-01-01,Montalegre,0,0
1999-01-01,Bragança,0,0
1999-01-01,Mirandela,0,0
1999-01-01,Miranda do Douro,0,0
1999-01-01,Vila Real/CC,0,0
1999-01-01,Carrazêda de Ansiães,0,0
1999-01-01,Pinhão,11,1
1999-01-01,Guarda,0,0
1999-01-01,Nelas,0,0
1999-01-01,Penhas Douradas,0,0
1999-01-01,Fundão,0,0
1999-01-01,Castelo Branco,0,0
2000-01-01,Montalegre,0,0
2000-01-01,Bragança,0,0
2000-01-01,Mirandela,0,0
2000-01-01,Miranda do Douro,0,0
2000-01-01,Vila Real/CC,0,0
2000-01-01,Carrazêda de Ansiães,0,0
2000-01-01,Pinhão,0,0
2000-01-01,Guarda,0,0
2000-01-01,Nelas,0,0
2000-01-01,Penhas Douradas,0,0
2000-01-01,Fundão,0,0
2000-01-01,Castelo Branco,0,0
2001-01-01,Montalegre,3,0
2001-01-01,Bragança,10,1
2001-01-01,Mirandela,3,0
2001-01-01,Miranda do Douro,10,1
2001-01-01,Vila Real/CC,2,0
2001-01-01,Carrazêda de Ansiães,3,0
2001-01-01,Pinhão,11,1
2001-01-01,Guarda,9,1
2001-01-01,Nelas,2,0
2001-01-01,Penhas Douradas,10,1
2001-01-01,Fundão,8,1
2001-01-01,Castelo Branco,2,0
2002-01-01,Montalegre,0,0
2002-01-01,Bragança,0,0
2002-01-01,Mirandela,7,1
2002-01-01,Miranda do Douro,7,1
2002-01-01,Vila Real/CC,0,0
2002-01-01,Carrazêda de Ansiães,0,0
2002-01-01,Pinhão,0,0
2002-01-01,Guarda,0,0
2002-01-01,Nelas,0,0
2002-01-01,Penhas Douradas,0,0
2002-01-01,Fundão,7,1
2002-01-01,Castelo Branco,0,0
2003-01-01,Montalegre,11,1
2003-01-01,Bragança,11,1
2003-01-01,Mirandela,14,1
2003-01-01,Miranda do Douro,11,1
2003-01-01,Vila Real/CC,11,1
2003-01-01,Carrazêda de Ansiães,11,1
2003-01-01,Pinhão,20,2
2003-01-01,Guarda,11,1
2003-01-01,Nelas,9,1
2003-01-01,Penhas Douradas,9,1
2003-01-01,Fundão,15,1
2003-01-01,Castelo Branco,10,1
2004-01-01,Montalegre,11,1
2004-01-01,Bragança,12,1
2004-01-01,Mirandela,11,1
2004-01-01,Miranda do Douro,12,1
2004-01-01,Vila Real/CC,12,1
2004-01-01,Carrazêda de Ansiães,12,1
2004-01-01,Pinhão,6,1
2004-01-01,Guarda,12,2
2004-01-01,Nelas,0,0
2004-01-01,Penhas Douradas,6,1
2004-01-01,Fundão,12,1
2004-01-01,Castelo Branco,13,2
2005-01-01,Montalegre,14,2
2005-01-01,Bragança,13,2
2005-01-01,Mirandela,16,2
2005-01-01,Miranda do Douro,16,2
2005-01-01,Vila Real/CC,14,2
2005-01-01,Carrazêda de Ansiães,15,2
2005-01-01,Pinhão,14,2
2005-01-01,Guarda,15,2
2005-01-01,Nelas,15,2
2005-01-01,Penhas Douradas,14,2
2005-01-01,Fundão,14,2
2005-01-01,Castelo Branco,16,2
2006-01-01,Montalegre,12,2
2006-01-01,Bragança,0,0
2006-01-01,Mirandela,0,0
2006-01-01,Miranda do Douro,0,0
2006-01-01,Vila Real/CC,6,1
2006-01-01,Carrazêda de Ansiães,7,1
2006-01-01,Pinhão,0,0
2006-01-01,Guarda,0,0
2006-01-01,Nelas,0,0
2006-01-01,Penhas Douradas,2,0
2006-01-01,Fundão,1,0
2006-01-01,Castelo Branco,0,0
2007-01-01,Montalegre,0,0
2007-01-01,Bragança,0,0
2007-01-01,Mirandela,0,0
2007-01-01,Miranda do Douro,0,0
2007-01-01,Vila Real/CC,0,0
2007-01-01,Carrazêda de Ansiães,0,0
2007-01-01,Pinhão,0,0
2007-01-01,Guarda,0,0
2007-01-01,Nelas,0,0
2007-01-01,Penhas Douradas,0,0
2007-01-01,Fundão,0,0
2007-01-01,Castelo Branco,0,0
2008-01-01,Montalegre,0,0
2008-01-01,Bragança,0,0
2008-01-01,Mirandela,0,0
2008-01-01,Miranda do Douro,0,0
2008-01-01,Vila Real/CC,0,0
2008-01-01,Carrazêda de Ansiães,0,0
2008-01-01,Pinhão,0,0
2008-01-01,Guarda,0,0
2008-01-01,Nelas,0,0
2008-01-01,Penhas Douradas,0,0
2008-01-01,Fundão,0,0
2008-01-01,Castelo Branco,6,1
2009-01-01,Montalegre,2,1
2009-01-01,Bragança,3,1
2009-01-01,Mirandela,2,1
2009-01-01,Miranda do Douro,3,1
2009-01-01,Vila Real/CC,2,1
2009-01-01,Carrazêda de Ansiães,9,2
2009-01-01,Pinhão,2,1
2009-01-01,Guarda,3,1
2009-01-01,Nelas,8,2
2009-01-01,Penhas Douradas,2,1
2009-01-01,Fundão,3,1
2009-01-01,Castelo Branco,2,1
2010-01-01,Montalegre,7,1
2010-01-01,Bragança,4,1
2010-01-01,Mirandela,5,1
2010-01-01,Miranda do Douro,11,2
2010-01-01,Vila Real/CC,12,2
2010-01-01,Carrazêda de Ansiães,4,1
2010-01-01,Pinhão,17,3
2010-01-01,Guarda,10,2
2010-01-01,Nelas,7,1
2010-01-01,Penhas Douradas,5,1
2010-01-01,Fundão,10,2
2010-01-01,Castelo Branco,4,1
2011-01-01,Montalegre,0,0
2011-01-01,Bragança,0,0
2011-01-01,Mirandela,0,0
2011-01-01,Miranda do Douro,0,0
2011-01-01,Vila Real/CC,0,0
2011-01-01,Carrazêda de Ansiães,0,0
2011-01-01,Pinhão,0,0
2011-01-01,Guarda,0,0
2011-01-01,Nelas,0,0
2011-01-01,Penhas Douradas,0,0
2011-01-01,Fundão,0,0
2011-01-01,Castelo Branco,0,0
2012-01-01,Montalegre,0,0
2012-01-01,Bragança,0,0
2012-01-01,Mirandela,0,0
2012-01-01,Miranda do Douro,0,0
2012-01-01,Vila Real/CC,0,0
2012-01-01,Carrazêda de Ansiães,0,0
2012-01-01,Pinhão,0,0
2012-01-01,Guarda,0,0
2012-01-01,Nelas,0,0
2012-01-01,Penhas Douradas,0,0
2012-01-01,Fundão,0,0
2012-01-01,Castelo Branco,0,0
2013-01-01,Montalegre,10,1
2013-01-01,Bragança,8,1
2013-01-01,Mirandela,10,1
2013-01-01,Miranda do Douro,10,1
2013-01-01,Vila Real/CC,10,1
2013-01-01,Carrazêda de Ansiães,10,1
2013-01-01,Pinhão,9,1
2013-01-01,Guarda,9,1
2013-01-01,Nelas,8,1
2013-01-01,Penhas Douradas,7,1
2013-01-01,Fundão,8,1
2013-01-01,Castelo Branco,8,1
2014-01-01,Montalegre,0,0
2014-01-01,Bragança,0,0
2014-01-01,Mirandela,0,0
2014-01-01,Miranda do Douro,0,0
2014-01-01,Vila Real/CC,0,0
2014-01-01,Carrazêda de Ansiães,0,0
2014-01-01,Pinhão,0,0
2014-01-01,Guarda,0,0
2014-01-01,Nelas,0,0
2014-01-01,Penhas Douradas,0,0
2014-01-01,Fundão,0,0
2014-01-01,Castelo Branco,0,0
2015-01-01,Montalegre,7,1
2015-01-01,Bragança,8,1
2015-01-01,Mirandela,14,2
2015-01-01,Miranda do Douro,8,1
2015-01-01,Vila Real/CC,8,1
2015-01-01,Carrazêda de Ansiães,14,2
2015-01-01,Pinhão,8,1
2015-01-01,Guarda,14,2
2015-01-01,Nelas,7,1
2015-01-01,Penhas Douradas,9,1
2015-01-01,Fundão,8,1
2015-01-01,Castelo Branco,9,0
2016-01-01,Montalegre,8,1
2016-01-01,Bragança,0,0
2016-01-01,Mirandela,6,1
2016-01-01,Miranda do Douro,1,0
2016-01-01,Vila Real/CC,6,1
2016-01-01,Carrazêda de Ansiães,0,0
2016-01-01,Pinhão,7,1
2016-01-01,Guarda,0,0
2016-01-01,Nelas,6,1
2016-01-01,Penhas Douradas,0,0
2016-01-01,Fundão,6,1
2016-01-01,Castelo Branco,0,0
2017-01-01,Montalegre,14,2
2017-01-01,Bragança,15,2
2017-01-01,Mirandela,15,2
2017-01-01,Miranda do Douro,19,2
2017-01-01,Vila Real/CC,12,1
2017-01-01,Carrazêda de Ansiães,19,2
2017-01-01,Pinhão,18,2
2017-01-01,Guarda,19,2
2017-01-01,Nelas,12,1
2017-01-01,Penhas Douradas,19,2
2017-01-01,Fundão,13,1
2017-01-01,Castelo Branco,19,2
2018-01-01,Montalegre,14,2
2018-01-01,Bragança,0,0
2018-01-01,Mirandela,0,0
2018-01-01,Miranda do Douro,6,1
2018-01-01,Vila Real/CC,0,0
2018-01-01,Carrazêda de Ansiães,6,1
2018-01-01,Pinhão,6,1
2018-01-01,Guarda,6,1
2018-01-01,Nelas,6,1
2018-01-01,Penhas Douradas,0,0
2018-01-01,Fundão,0,0
2018-01-01,Castelo Branco,6,1
2019-01-01,Montalegre,0,0
2019-01-01,Bragança,0,0
2019-01-01,Mirandela,0,0
2019-01-01,Miranda do Douro,0,0
2019-01-01,Vila Real/CC,0,0
2019-01-01,Carrazêda de Ansiães,0,0
2019-01-01,Pinhão,2,1
2019-01-01,Guarda,0,0
2019-01-01,Nelas,2,1
2019-01-01,Penhas Douradas,3,1
2019-01-01,Fundão,0,0
2019-01-01,Castelo Branco,3,1
2020-01-01,Montalegre,34,4
2020-01-01,Bragança,0,0
2020-01-01,Mirandela,8,1
2020-01-01,Miranda do Douro,6,1
2020-01-01,Vila Real/CC,8,1
2020-01-01,Carrazêda de Ansiães,15,2
2020-01-01,Pinhão,0,0
2020-01-01,Guarda,6,1
2020-01-01,Nelas,0,0
2020-01-01,Penhas Douradas,0,0
2020-01-01,Fundão,0,0
2020-01-01,Castelo Branco,0,0
2021-01-01,Montalegre,8,1
2021-01-01,Bragança,7,1
2021-01-01,Mirandela,8,1
2021-01-01,Miranda do Douro,14,2
2021-01-01,Vila Real/CC,0,0
2021-01-01,Carrazêda de Ansiães,13,2
2021-01-01,Pinhão,14,2
2021-01-01,Guarda,6,1
2021-01-01,Nelas,0,0
2021-01-01,Penhas Douradas,0,0
2021-01-01,Fundão,0,0
2021-01-01,Castelo Branco,0,0
2022-01-01,Montalegre,31,3
2022-01-01,Bragança,17,2
2022-01-01,Mirandela,31,3
2022-01-01,Miranda do Douro,29,3
2022-01-01,Vila Real/CC,37,4
2022-01-01,Carrazêda de Ansiães,41,4
2022-01-01,Pinhão,37,4
2022-01-01,Guarda,17,2
2022-01-01,Nelas,18,2
2022-01-01,Penhas Douradas,17,2
2022-01-01,Fundão,17,2
2022-01-01,Castelo Branco,18,2
2023-01-01,Montalegre,0,0
2023-01-01,Bragança,0,0
2023-01-01,Mirandela,0,0
2023-01-01,Miranda do Douro,0,0
2023-01-01,Vila Real/CC,0,0
2023-01-01,Carrazêda de Ansiães,0,0
2023-01-01,Pinhão,6,1
2023-01-01,Guarda,6,1
2023-01-01,Nelas,0,0
2023-01-01,Penhas Douradas,0,0
2023-01-01,Fundão,6,1
2023-01-01,Castelo Branco,12,2
2024-01-01,Montalegre,0,0
2024-01-01,Bragança,0,0
2024-01-01,Mirandela,0,0
2024-01-01,Miranda do Douro,6,1
2024-01-01,Vila Real/CC,0,0
2024-01-01,Carrazêda de Ansiães,6,1
2024-01-01,Pinhão,0,0
2024-01-01,Guarda,0,0
2024-01-01,Nelas,0,0
2024-01-01,Penhas Douradas,0,0
2024-01-01,Fundão,0,0
2024-01-01,Castelo Branco,10,2
2025-01-01,Montalegre,18,1
2025-01-01,Bragança,26,3
2025-01-01,Mirandela,24,2
2025-01-01,Miranda do Douro,34,4
2025-01-01,Vila Real/CC,28,2
2025-01-01,Carrazêda de Ansiães,25,3
2025-01-01,Pinhão,37,3
2025-01-01,Guarda,32,3
2025-01-01,Nelas,35,3
2025-01-01,Penhas Douradas,25,2
2025-01-01,Fundão,19,2
2025-01-01,Castelo Branco,28,3
1941-01-01,Monção,,
1941-01-01,Ponte de Lima,,
1941-01-01,Cabril,,
1941-01-01,Porto/Pedras Rubras,,
1941-01-01,Aveiro,,
1941-01-01,Anadia,0,0
1941-01-01,Coimbra,0,0
1941-01-01,São Pedro de Moel,,
1941-01-01,Alcobaça,,
1941-01-01,Cabo Carvoeiro,0,0
1941-01-01,Santarém,,
1941-01-01,Torres Vedras,,
1941-01-01,Cabo da Roca,,
1941-01-01,Lisboa/Geofísico,0,0
1941-01-01,Lisboa/Ajuda,,
1942-01-01,Monção,,
1942-01-01,Ponte de Lima,,
1942-01-01,Cabril,,
1942-01-01,Porto/Pedras Rubras,,
1942-01-01,Aveiro,,
1942-01-01,Anadia,7,1
1942-01-01,Coimbra,7,1
1942-01-01,São Pedro de Moel,,
1942-01-01,Alcobaça,,
1942-01-01,Cabo Carvoeiro,0,0
1942-01-01,Santarém,,
1942-01-01,Torres Vedras,,
1942-01-01,Cabo da Roca,,
1942-01-01,Lisboa/Geofísico,0,0
1942-01-01,Lisboa/Ajuda,,
1943-01-01,Monção,,
1943-01-01,Ponte de Lima,,
1943-01-01,Cabril,,
1943-01-01,Porto/Pedras Rubras,,
1943-01-01,Aveiro,,
1943-01-01,Anadia,0,0
1943-01-01,Coimbra,0,0
1943-01-01,São Pedro de Moel,,
1943-01-01,Alcobaça,,
1943-01-01,Cabo Carvoeiro,0,0
1943-01-01,Santarém,,
1943-01-01,Torres Vedras,,
1943-01-01,Cabo da Roca,,
1943-01-01,Lisboa/Geofísico,0,0
1943-01-01,Lisboa/Ajuda,,
1944-01-01,Monção,,
1944-01-01,Ponte de Lima,,
1944-01-01,Cabril,,
1944-01-01,Porto/Pedras Rubras,,
1944-01-01,Aveiro,,
1944-01-01,Anadia,6,1
1944-01-01,Coimbra,0,0
1944-01-01,São Pedro de Moel,,
1944-01-01,Alcobaça,,
1944-01-01,Cabo Carvoeiro,0,0
1944-01-01,Santarém,,
1944-01-01,Torres Vedras,,
1944-01-01,Cabo da Roca,,
1944-01-01,Lisboa/Geofísico,0,0
1944-01-01,Lisboa/Ajuda,,
1945-01-01,Monção,,
1945-01-01,Ponte de Lima,,
1945-01-01,Cabril,,
1945-01-01,Porto/Pedras Rubras,,
1945-01-01,Aveiro,,
1945-01-01,Anadia,0,0
1945-01-01,Coimbra,0,0
1945-01-01,São Pedro de Moel,,
1945-01-01,Alcobaça,,
1945-01-01,Cabo Carvoeiro,0,0
1945-01-01,Santarém,,
1945-01-01,Torres Vedras,,
1945-01-01,Cabo da Roca,,
1945-01-01,Lisboa/Geofísico,6,1
1945-01-01,Lisboa/Ajuda,,
1946-01-01,Monção,,
1946-01-01,Ponte de Lima,,
1946-01-01,Cabril,,
1946-01-01,Porto/Pedras Rubras,,
1946-01-01,Aveiro,,
1946-01-01,Anadia,0,0
1946-01-01,Coimbra,0,0
1946-01-01,São Pedro de Moel,,
1946-01-01,Alcobaça,,
1946-01-01,Cabo Carvoeiro,0,0
1946-01-01,Santarém,,
1946-01-01,Torres Vedras,,
1946-01-01,Cabo da Roca,,
1946-01-01,Lisboa/Geofísico,6,1
1946-01-01,Lisboa/Ajuda,,
1947-01-01,Monção,,
1947-01-01,Ponte de Lima,,
1947-01-01,Cabril,,
1947-01-01,Porto/Pedras Rubras,,
1947-01-01,Aveiro,,
1947-01-01,Anadia,0,0
1947-01-01,Coimbra,0,0
1947-01-01,São Pedro de Moel,,
1947-01-01,Alcobaça,,
1947-01-01,Cabo Carvoeiro,0,0
1947-01-01,Santarém,,
1947-01-01,Torres Vedras,,
1947-01-01,Cabo da Roca,,
1947-01-01,Lisboa/Geofísico,0,0
1947-01-01,Lisboa/Ajuda,,
1948-01-01,Monção,,
1948-01-01,Ponte de Lima,,
1948-01-01,Cabril,,
1948-01-01,Porto/Pedras Rubras,,
1948-01-01,Aveiro,,
1948-01-01,Anadia,0,0
1948-01-01,Coimbra,0,0
1948-01-01,São Pedro de Moel,,
1948-01-01,Alcobaça,,
1948-01-01,Cabo Carvoeiro,0,0
1948-01-01,Santarém,,
1948-01-01,Torres Vedras,,
1948-01-01,Cabo da Roca,,
1948-01-01,Lisboa/Geofísico,8,1
1948-01-01,Lisboa/Ajuda,,
1949-01-01,Monção,,
1949-01-01,Ponte de Lima,,
1949-01-01,Cabril,,
1949-01-01,Porto/Pedras Rubras,,
1949-01-01,Aveiro,,
1949-01-01,Anadia,8,1
1949-01-01,Coimbra,8,1
1949-01-01,São Pedro de Moel,,
1949-01-01,Alcobaça,,
1949-01-01,Cabo Carvoeiro,13,2
1949-01-01,Santarém,,
1949-01-01,Torres Vedras,,
1949-01-01,Cabo da Roca,,
1949-01-01,Lisboa/Geofísico,0,0
1949-01-01,Lisboa/Ajuda,,
1950-01-01,Monção,,
1950-01-01,Ponte de Lima,,
1950-01-01,Cabril,,
1950-01-01,Porto/Pedras Rubras,,
1950-01-01,Aveiro,,
1950-01-01,Anadia,0,0
1950-01-01,Coimbra,0,0
1950-01-01,São Pedro de Moel,,
1950-01-01,Alcobaça,,
1950-01-01,Cabo Carvoeiro,0,0
1950-01-01,Santarém,,
1950-01-01,Torres Vedras,,
1950-01-01,Cabo da Roca,,
1950-01-01,Lisboa/Geofísico,0,0
1950-01-01,Lisboa/Ajuda,,
1951-01-01,Monção,,
1951-01-01,Ponte de Lima,,
1951-01-01,Cabril,,
1951-01-01,Porto/Pedras Rubras,,
1951-01-01,Aveiro,,
1951-01-01,Anadia,0,0
1951-01-01,Coimbra,0,0
1951-01-01,São Pedro de Moel,,
1951-01-01,Alcobaça,,
1951-01-01,Cabo Carvoeiro,0,0
1951-01-01,Santarém,,
1951-01-01,Torres Vedras,,
1951-01-01,Cabo da Roca,,
1951-01-01,Lisboa/Geofísico,0,0
1951-01-01,Lisboa/Ajuda,,
1952-01-01,Monção,,
1952-01-01,Ponte de Lima,,
1952-01-01,Cabril,,
1952-01-01,Porto/Pedras Rubras,,
1952-01-01,Aveiro,,
1952-01-01,Anadia,0,0
1952-01-01,Coimbra,0,0
1952-01-01,São Pedro de Moel,,
1952-01-01,Alcobaça,,
1952-01-01,Cabo Carvoeiro,0,0
1952-01-01,Santarém,,
1952-01-01,Torres Vedras,,
1952-01-01,Cabo da Roca,,
1952-01-01,Lisboa/Geofísico,0,0
1952-01-01,Lisboa/Ajuda,,
1953-01-01,Monção,,
1953-01-01,Ponte de Lima,,
1953-01-01,Cabril,,
1953-01-01,Porto/Pedras Rubras,,
1953-01-01,Aveiro,,
1953-01-01,Anadia,0,0
1953-01-01,Coimbra,0,0
1953-01-01,São Pedro de Moel,,
1953-01-01,Alcobaça,,
1953-01-01,Cabo Carvoeiro,0,0
1953-01-01,Santarém,,
1953-01-01,Torres Vedras,,
1953-01-01,Cabo da Roca,,
1953-01-01,Lisboa/Geofísico,2,1
1953-01-01,Lisboa/Ajuda,,
1954-01-01,Monção,,
1954-01-01,Ponte de Lima,,
1954-01-01,Cabril,,
1954-01-01,Porto/Pedras Rubras,,
1954-01-01,Aveiro,,
1954-01-01,Anadia,0,0
1954-01-01,Coimbra,0,0
1954-01-01,São Pedro de Moel,,
1954-01-01,Alcobaça,,
1954-01-01,Cabo Carvoeiro,0,0
1954-01-01,Santarém,,
1954-01-01,Torres Vedras,,
1954-01-01,Cabo da Roca,,
1954-01-01,Lisboa/Geofísico,0,0
1954-01-01,Lisboa/Ajuda,,
1955-01-01,Monção,,
1955-01-01,Ponte de Lima,,
1955-01-01,Cabril,,
1955-01-01,Porto/Pedras Rubras,,
1955-01-01,Aveiro,,
1955-01-01,Anadia,0,0
1955-01-01,Coimbra,0,0
1955-01-01,São Pedro de Moel,,
1955-01-01,Alcobaça,,
1955-01-01,Cabo Carvoeiro,0,0
1955-01-01,Santarém,,
1955-01-01,Torres Vedras,,
1955-01-01,Cabo da Roca,,
1955-01-01,Lisboa/Geofísico,0,0
1955-01-01,Lisboa/Ajuda,,
1956-01-01,Monção,,
1956-01-01,Ponte de Lima,,
1956-01-01,Cabril,,
1956-01-01,Porto/Pedras Rubras,,
1956-01-01,Aveiro,,
1956-01-01,Anadia,0,0
1956-01-01,Coimbra,0,0
1956-01-01,São Pedro de Moel,,
1956-01-01,Alcobaça,,
1956-01-01,Cabo Carvoeiro,0,0
1956-01-01,Santarém,,
1956-01-01,Torres Vedras,,
1956-01-01,Cabo da Roca,,
1956-01-01,Lisboa/Geofísico,0,0
1956-01-01,Lisboa/Ajuda,,
1957-01-01,Monção,,
1957-01-01,Ponte de Lima,,
1957-01-01,Cabril,,
1957-01-01,Porto/Pedras Rubras,,
1957-01-01,Aveiro,,
1957-01-01,Anadia,0,0
1957-01-01,Coimbra,0,0
1957-01-01,São Pedro de Moel,,
1957-01-01,Alcobaça,,
1957-01-01,Cabo Carvoeiro,0,0
1957-01-01,Santarém,,
1957-01-01,Torres Vedras,,
1957-01-01,Cabo da Roca,,
1957-01-01,Lisboa/Geofísico,0,0
1957-01-01,Lisboa/Ajuda,,
1958-01-01,Monção,,
1958-01-01,Ponte de Lima,,
1958-01-01,Cabril,,
1958-01-01,Porto/Pedras Rubras,,
1958-01-01,Aveiro,,
1958-01-01,Anadia,0,0
1958-01-01,Coimbra,0,0
1958-01-01,São Pedro de Moel,,
1958-01-01,Alcobaça,,
1958-01-01,Cabo Carvoeiro,0,0
1958-01-01,Santarém,,
1958-01-01,Torres Vedras,,
1958-01-01,Cabo da Roca,,
1958-01-01,Lisboa/Geofísico,0,0
1958-01-01,Lisboa/Ajuda,,
1959-01-01,Monção,,
1959-01-01,Ponte de Lima,,
1959-01-01,Cabril,,
1959-01-01,Porto/Pedras Rubras,,
1959-01-01,Aveiro,,
1959-01-01,Anadia,0,0
1959-01-01,Coimbra,0,0
1959-01-01,São Pedro de Moel,,
1959-01-01,Alcobaça,,
1959-01-01,Cabo Carvoeiro,0,0
1959-01-01,Santarém,,
1959-01-01,Torres Vedras,,
1959-01-01,Cabo da Roca,,
1959-01-01,Lisboa/Geofísico,0,0
1959-01-01,Lisboa/Ajuda,,
1960-01-01,Monção,,
1960-01-01,Ponte de Lima,,
1960-01-01,Cabril,,
1960-01-01,Porto/Pedras Rubras,,
1960-01-01,Aveiro,,
1960-01-01,Anadia,0,0
1960-01-01,Coimbra,0,0
1960-01-01,São Pedro de Moel,,
1960-01-01,Alcobaça,,
1960-01-01,Cabo Carvoeiro,0,0
1960-01-01,Santarém,,
1960-01-01,Torres Vedras,,
1960-01-01,Cabo da Roca,,
1960-01-01,Lisboa/Geofísico,0,0
1960-01-01,Lisboa/Ajuda,,
1961-01-01,Monção,,
1961-01-01,Ponte de Lima,,
1961-01-01,Cabril,,
1961-01-01,Porto/Pedras Rubras,,
1961-01-01,Aveiro,,
1961-01-01,Anadia,6,1
1961-01-01,Coimbra,0,0
1961-01-01,São Pedro de Moel,,
1961-01-01,Alcobaça,,
1961-01-01,Cabo Carvoeiro,0,0
1961-01-01,Santarém,,
1961-01-01,Torres Vedras,,
1961-01-01,Cabo da Roca,,
1961-01-01,Lisboa/Geofísico,8,1
1961-01-01,Lisboa/Ajuda,,
1962-01-01,Monção,,
1962-01-01,Ponte de Lima,,
1962-01-01,Cabril,,
1962-01-01,Porto/Pedras Rubras,,
1962-01-01,Aveiro,,
1962-01-01,Anadia,7,1
1962-01-01,Coimbra,0,0
1962-01-01,São Pedro de Moel,,
1962-01-01,Alcobaça,,
1962-01-01,Cabo Carvoeiro,0,0
1962-01-01,Santarém,,
1962-01-01,Torres Vedras,,
1962-01-01,Cabo da Roca,,
1962-01-01,Lisboa/Geofísico,0,0
1962-01-01,Lisboa/Ajuda,,
1963-01-01,Monção,,
1963-01-01,Ponte de Lima,,
1963-01-01,Cabril,,
1963-01-01,Porto/Pedras Rubras,,
1963-01-01,Aveiro,,
1963-01-01,Anadia,0,0
1963-01-01,Coimbra,0,0
1963-01-01,São Pedro de Moel,,
1963-01-01,Alcobaça,,
1963-01-01,Cabo Carvoeiro,0,0
1963-01-01,Santarém,,
1963-01-01,Torres Vedras,,
1963-01-01,Cabo da Roca,,
1963-01-01,Lisboa/Geofísico,0,0
1963-01-01,Lisboa/Ajuda,,
1964-01-01,Monção,,
1964-01-01,Ponte de Lima,,
1964-01-01,Cabril,,
1964-01-01,Porto/Pedras Rubras,,
1964-01-01,Aveiro,,
1964-01-01,Anadia,0,0
1964-01-01,Coimbra,0,0
1964-01-01,São Pedro de Moel,,
1964-01-01,Alcobaça,,
1964-01-01,Cabo Carvoeiro,0,0
1964-01-01,Santarém,,
1964-01-01,Torres Vedras,,
1964-01-01,Cabo da Roca,,
1964-01-01,Lisboa/Geofísico,0,0
1964-01-01,Lisboa/Ajuda,,
1965-01-01,Monção,,
1965-01-01,Ponte de Lima,,
1965-01-01,Cabril,,
1965-01-01,Porto/Pedras Rubras,,
1965-01-01,Aveiro,,
1965-01-01,Anadia,0,0
1965-01-01,Coimbra,0,0
1965-01-01,São Pedro de Moel,,
1965-01-01,Alcobaça,,
1965-01-01,Cabo Carvoeiro,0,0
1965-01-01,Santarém,,
1965-01-01,Torres Vedras,,
1965-01-01,Cabo da Roca,,
1965-01-01,Lisboa/Geofísico,0,0
1965-01-01,Lisboa/Ajuda,,
1966-01-01,Monção,,
1966-01-01,Ponte de Lima,,
1966-01-01,Cabril,,
1966-01-01,Porto/Pedras Rubras,,
1966-01-01,Aveiro,,
1966-01-01,Anadia,6,1
1966-01-01,Coimbra,0,0
1966-01-01,São Pedro de Moel,,
1966-01-01,Alcobaça,,
1966-01-01,Cabo Carvoeiro,0,0
1966-01-01,Santarém,,
1966-01-01,Torres Vedras,,
1966-01-01,Cabo da Roca,,
1966-01-01,Lisboa/Geofísico,6,1
1966-01-01,Lisboa/Ajuda,,
1967-01-01,Monção,0,0
1967-01-01,Ponte de Lima,,
1967-01-01,Cabril,,
1967-01-01,Porto/Pedras Rubras,0,0
1967-01-01,Aveiro,,
1967-01-01,Anadia,0,0
1967-01-01,Coimbra,0,0
1967-01-01,São Pedro de Moel,,
1967-01-01,Alcobaça,,
1967-01-01,Cabo Carvoeiro,0,0
1967-01-01,Santarém,,
1967-01-01,Torres Vedras,,
1967-01-01,Cabo da Roca,,
1967-01-01,Lisboa/Geofísico,0,0
1967-01-01,Lisboa/Ajuda,,
1968-01-01,Monção,0,0
1968-01-01,Ponte de Lima,,
1968-01-01,Cabril,,
1968-01-01,Porto/Pedras Rubras,0,0
1968-01-01,Aveiro,,
1968-01-01,Anadia,6,1
1968-01-01,Coimbra,0,0
1968-01-01,São Pedro de Moel,,
1968-01-01,Alcobaça,,
1968-01-01,Cabo Carvoeiro,0,0
1968-01-01,Santarém,,
1968-01-01,Torres Vedras,,
1968-01-01,Cabo da Roca,,
1968-01-01,Lisboa/Geofísico,0,0
1968-01-01,Lisboa/Ajuda,,
1969-01-01,Monção,0,0
1969-01-01,Ponte de Lima,,
1969-01-01,Cabril,,
1969-01-01,Porto/Pedras Rubras,6,1
1969-01-01,Aveiro,,
1969-01-01,Anadia,0,0
1969-01-01,Coimbra,0,0
1969-01-01,São Pedro de Moel,,
1969-01-01,Alcobaça,,
1969-01-01,Cabo Carvoeiro,0,0
1969-01-01,Santarém,,
1969-01-01,Torres Vedras,,
1969-01-01,Cabo da Roca,,
1969-01-01,Lisboa/Geofísico,0,0
1969-01-01,Lisboa/Ajuda,,
1970-01-01,Monção,0,0
1970-01-01,Ponte de Lima,,
1970-01-01,Cabril,,
1970-01-01,Porto/Pedras Rubras,0,0
1970-01-01,Aveiro,,
1970-01-01,Anadia,0,0
1970-01-01,Coimbra,0,0
1970-01-01,São Pedro de Moel,,
1970-01-01,Alcobaça,,
1970-01-01,Cabo Carvoeiro,0,0
1970-01-01,Santarém,,
1970-01-01,Torres Vedras,,
1970-01-01,Cabo da Roca,,
1970-01-01,Lisboa/Geofísico,0,0
1970-01-01,Lisboa/Ajuda,,
1971-01-01,Monção,0,0
1971-01-01,Ponte de Lima,,
1971-01-01,Cabril,,
1971-01-01,Porto/Pedras Rubras,0,0
1971-01-01,Aveiro,,
1971-01-01,Anadia,0,0
1971-01-01,Coimbra,0,0
1971-01-01,São Pedro de Moel,,
1971-01-01,Alcobaça,,
1971-01-01,Cabo Carvoeiro,0,0
1971-01-01,Santarém,,
1971-01-01,Torres Vedras,,
1971-01-01,Cabo da Roca,,
1971-01-01,Lisboa/Geofísico,0,0
1971-01-01,Lisboa/Ajuda,,
1972-01-01,Monção,0,0
1972-01-01,Ponte de Lima,,
1972-01-01,Cabril,,
1972-01-01,Porto/Pedras Rubras,0,0
1972-01-01,Aveiro,,
1972-01-01,Anadia,0,0
1972-01-01,Coimbra,0,0
1972-01-01,São Pedro de Moel,,
1972-01-01,Alcobaça,,
1972-01-01,Cabo Carvoeiro,0,0
1972-01-01,Santarém,,
1972-01-01,Torres Vedras,,
1972-01-01,Cabo da Roca,,
1972-01-01,Lisboa/Geofísico,0,0
1972-01-01,Lisboa/Ajuda,,
1973-01-01,Monção,0,0
1973-01-01,Ponte de Lima,,
1973-01-01,Cabril,,
1973-01-01,Porto/Pedras Rubras,0,0
1973-01-01,Aveiro,,
1973-01-01,Anadia,0,0
1973-01-01,Coimbra,0,0
1973-01-01,São Pedro de Moel,,
1973-01-01,Alcobaça,,
1973-01-01,Cabo Carvoeiro,0,0
1973-01-01,Santarém,,
1973-01-01,Torres Vedras,,
1973-01-01,Cabo da Roca,,
1973-01-01,Lisboa/Geofísico,0,0
1973-01-01,Lisboa/Ajuda,,
1974-01-01,Monção,0,0
1974-01-01,Ponte de Lima,,
1974-01-01,Cabril,,
1974-01-01,Porto/Pedras Rubras,6,1
1974-01-01,Aveiro,,
1974-01-01,Anadia,0,0
1974-01-01,Coimbra,0,0
1974-01-01,São Pedro de Moel,,
1974-01-01,Alcobaça,,
1974-01-01,Cabo Carvoeiro,0,0
1974-01-01,Santarém,,
1974-01-01,Torres Vedras,,
1974-01-01,Cabo da Roca,,
1974-01-01,Lisboa/Geofísico,0,0
1974-01-01,Lisboa/Ajuda,,
1975-01-01,Monção,0,0
1975-01-01,Ponte de Lima,,
1975-01-01,Cabril,,
1975-01-01,Porto/Pedras Rubras,0,0
1975-01-01,Aveiro,,
1975-01-01,Anadia,0,0
1975-01-01,Coimbra,0,0
1975-01-01,São Pedro de Moel,,
1975-01-01,Alcobaça,,
1975-01-01,Cabo Carvoeiro,0,0
1975-01-01,Santarém,,
1975-01-01,Torres Vedras,,
1975-01-01,Cabo da Roca,,
1975-01-01,Lisboa/Geofísico,0,0
1975-01-01,Lisboa/Ajuda,,
1976-01-01,Monção,0,0
1976-01-01,Ponte de Lima,,
1976-01-01,Cabril,,
1976-01-01,Porto/Pedras Rubras,0,0
1976-01-01,Aveiro,,
1976-01-01,Anadia,0,0
1976-01-01,Coimbra,0,0
1976-01-01,São Pedro de Moel,,
1976-01-01,Alcobaça,,
1976-01-01,Cabo Carvoeiro,0,0
1976-01-01,Santarém,,
1976-01-01,Torres Vedras,,
1976-01-01,Cabo da Roca,,
1976-01-01,Lisboa/Geofísico,0,0
1976-01-01,Lisboa/Ajuda,,
1977-01-01,Monção,0,0
1977-01-01,Ponte de Lima,,
1977-01-01,Cabril,,
1977-01-01,Porto/Pedras Rubras,0,0
1977-01-01,Aveiro,,
1977-01-01,Anadia,0,0
1977-01-01,Coimbra,0,0
1977-01-01,São Pedro de Moel,,
1977-01-01,Alcobaça,,
1977-01-01,Cabo Carvoeiro,0,0
1977-01-01,Santarém,,
1977-01-01,Torres Vedras,,
1977-01-01,Cabo da Roca,,
1977-01-01,Lisboa/Geofísico,0,0
1977-01-01,Lisboa/Ajuda,,
1978-01-01,Monção,0,0
1978-01-01,Ponte de Lima,,
1978-01-01,Cabril,,
1978-01-01,Porto/Pedras Rubras,0,0
1978-01-01,Aveiro,,
1978-01-01,Anadia,0,0
1978-01-01,Coimbra,0,0
1978-01-01,São Pedro de Moel,,
1978-01-01,Alcobaça,0,0
1978-01-01,Cabo Carvoeiro,0,0
1978-01-01,Santarém,,
1978-01-01,Torres Vedras,,
1978-01-01,Cabo da Roca,,
1978-01-01,Lisboa/Geofísico,0,0
1978-01-01,Lisboa/Ajuda,,
1979-01-01,Monção,0,0
1979-01-01,Ponte de Lima,,
1979-01-01,Cabril,,
1979-01-01,Porto/Pedras Rubras,0,0
1979-01-01,Aveiro,,
1979-01-01,Anadia,0,0
1979-01-01,Coimbra,0,0
1979-01-01,São Pedro de Moel,,
1979-01-01,Alcobaça,0,0
1979-01-01,Cabo Carvoeiro,0,0
1979-01-01,Santarém,,
1979-01-01,Torres Vedras,,
1979-01-01,Cabo da Roca,,
1979-01-01,Lisboa/Geofísico,0,0
1979-01-01,Lisboa/Ajuda,,
1980-01-01,Monção,0,0
1980-01-01,Ponte de Lima,,
1980-01-01,Cabril,,
1980-01-01,Porto/Pedras Rubras,0,0
1980-01-01,Aveiro,,
1980-01-01,Anadia,0,0
1980-01-01,Coimbra,0,0
1980-01-01,São Pedro de Moel,0,0
1980-01-01,Alcobaça,0,0
1980-01-01,Cabo Carvoeiro,0,0
1980-01-01,Santarém,0,0
1980-01-01,Torres Vedras,0,0
1980-01-01,Cabo da Roca,0,0
1980-01-01,Lisboa/Geofísico,0,0
1980-01-01,Lisboa/Ajuda,0,0
1981-01-01,Monção,0,0
1981-01-01,Ponte de Lima,10,1
1981-01-01,Cabril,7,1
1981-01-01,Porto/Pedras Rubras,8,1
1981-01-01,Aveiro,7,1
1981-01-01,Anadia,9,1
1981-01-01,Coimbra,9,1
1981-01-01,São Pedro de Moel,0,0
1981-01-01,Alcobaça,7,1
1981-01-01,Cabo Carvoeiro,0,0
1981-01-01,Santarém,9,1
1981-01-01,Torres Vedras,8,1
1981-01-01,Cabo da Roca,7,1
1981-01-01,Lisboa/Geofísico,6,1
1981-01-01,Lisboa/Ajuda,6,1
1982-01-01,Monção,0,0
1982-01-01,Ponte de Lima,0,0
1982-01-01,Cabril,0,0
1982-01-01,Porto/Pedras Rubras,0,0
1982-01-01,Aveiro,0,0
1982-01-01,Anadia,0,0
1982-01-01,Coimbra,0,0
1982-01-01,São Pedro de Moel,0,0
1982-01-01,Alcobaça,0,0
1982-01-01,Cabo Carvoeiro,0,0
1982-01-01,Santarém,0,0
1982-01-01,Torres Vedras,0,0
1982-01-01,Cabo da Roca,0,0
1982-01-01,Lisboa/Geofísico,0,0
1982-01-01,Lisboa/Ajuda,0,0
1983-01-01,Monção,0,0
1983-01-01,Ponte de Lima,0,0
1983-01-01,Cabril,0,0
1983-01-01,Porto/Pedras Rubras,0,0
1983-01-01,Aveiro,0,0
1983-01-01,Anadia,0,0
1983-01-01,Coimbra,0,0
1983-01-01,São Pedro de Moel,0,0
1983-01-01,Alcobaça,0,0
1983-01-01,Cabo Carvoeiro,0,0
1983-01-01,Santarém,0,0
1983-01-01,Torres Vedras,0,0
1983-01-01,Cabo da Roca,0,0
1983-01-01,Lisboa/Geofísico,0,0
1983-01-01,Lisboa/Ajuda,0,0
1984-01-01,Monção,0,0
1984-01-01,Ponte de Lima,0,0
1984-01-01,Cabril,0,0
1984-01-01,Porto/Pedras Rubras,0,0
1984-01-01,Aveiro,0,0
1984-01-01,Anadia,0,0
1984-01-01,Coimbra,0,0
1984-01-01,São Pedro de Moel,0,0
1984-01-01,Alcobaça,0,0
1984-01-01,Cabo Carvoeiro,0,0
1984-01-01,Santarém,0,0
1984-01-01,Torres Vedras,0,0
1984-01-01,Cabo da Roca,0,0
1984-01-01,Lisboa/Geofísico,0,0
1984-01-01,Lisboa/Ajuda,0,0
1985-01-01,Monção,0,0
1985-01-01,Ponte de Lima,0,0
1985-01-01,Cabril,0,0
1985-01-01,Porto/Pedras Rubras,0,0
1985-01-01,Aveiro,0,0
1985-01-01,Anadia,0,0
1985-01-01,Coimbra,0,0
1985-01-01,São Pedro de Moel,0,0
1985-01-01,Alcobaça,0,0
1985-01-01,Cabo Carvoeiro,0,0
1985-01-01,Santarém,0,0
1985-01-01,Torres Vedras,0,0
1985-01-01,Cabo da Roca,0,0
1985-01-01,Lisboa/Geofísico,0,0
1985-01-01,Lisboa/Ajuda,0,0
1986-01-01,Monção,0,0
1986-01-01,Ponte de Lima,0,0
1986-01-01,Cabril,0,0
1986-01-01,Porto/Pedras Rubras,0,0
1986-01-01,Aveiro,0,0
1986-01-01,Anadia,0,0
1986-01-01,Coimbra,0,0
1986-01-01,São Pedro de Moel,0,0
1986-01-01,Alcobaça,0,0
1986-01-01,Cabo Carvoeiro,0,0
1986-01-01,Santarém,0,0
1986-01-01,Torres Vedras,5,1
1986-01-01,Cabo da Roca,0,0
1986-01-01,Lisboa/Geofísico,0,0
1986-01-01,Lisboa/Ajuda,0,0
1987-01-01,Monção,8,1
1987-01-01,Ponte de Lima,0,0
1987-01-01,Cabril,8,1
1987-01-01,Porto/Pedras Rubras,0,0
1987-01-01,Aveiro,0,0
1987-01-01,Anadia,0,0
1987-01-01,Coimbra,0,0
1987-01-01,São Pedro de Moel,0,0
1987-01-01,Alcobaça,0,0
1987-01-01,Cabo Carvoeiro,0,0
1987-01-01,Santarém,0,0
1987-01-01,Torres Vedras,0,0
1987-01-01,Cabo da Roca,0,0
1987-01-01,Lisboa/Geofísico,0,0
1987-01-01,Lisboa/Ajuda,7,1
1988-01-01,Monção,0,0
1988-01-01,Ponte de Lima,0,0
1988-01-01,Cabril,0,0
1988-01-01,Porto/Pedras Rubras,0,0
1988-01-01,Aveiro,0,0
1988-01-01,Anadia,0,0
1988-01-01,Coimbra,0,0
1988-01-01,São Pedro de Moel,0,0
1988-01-01,Alcobaça,0,0
1988-01-01,Cabo Carvoeiro,0,0
1988-01-01,Santarém,0,0
1988-01-01,Torres Vedras,0,0
1988-01-01,Cabo da Roca,0,0
1988-01-01,Lisboa/Geofísico,0,0
1988-01-01,Lisboa/Ajuda,0,0
1989-01-01,Monção,7,1
1989-01-01,Ponte de Lima,0,0
1989-01-01,Cabril,8,1
1989-01-01,Porto/Pedras Rubras,0,0
1989-01-01,Aveiro,0,0
1989-01-01,Anadia,7,1
1989-01-01,Coimbra,8,1
1989-01-01,São Pedro de Moel,0,0
1989-01-01,Alcobaça,6,1
1989-01-01,Cabo Carvoeiro,0,0
1989-01-01,Santarém,7,1
1989-01-01,Torres Vedras,7,1
1989-01-01,Cabo da Roca,0,0
1989-01-01,Lisboa/Geofísico,0,0
1989-01-01,Lisboa/Ajuda,0,0
1990-01-01,Monção,9,1
1990-01-01,Ponte de Lima,9,1
1990-01-01,Cabril,6,1
1990-01-01,Porto/Pedras Rubras,0,0
1990-01-01,Aveiro,6,1
1990-01-01,Anadia,0,0
1990-01-01,Coimbra,0,0
1990-01-01,São Pedro de Moel,0,0
1990-01-01,Alcobaça,2,1
1990-01-01,Cabo Carvoeiro,0,0
1990-01-01,Santarém,34,4
1990-01-01,Torres Vedras,0,0
1990-01-01,Cabo da Roca,0,0
1990-01-01,Lisboa/Geofísico,0,0
1990-01-01,Lisboa/Ajuda,0,0
1991-01-01,Monção,8,1
1991-01-01,Ponte de Lima,0,0
1991-01-01,Cabril,0,0
1991-01-01,Porto/Pedras Rubras,0,0
1991-01-01,Aveiro,0,0
1991-01-01,Anadia,0,0
1991-01-01,Coimbra,0,0
1991-01-01,São Pedro de Moel,0,0
1991-01-01,Alcobaça,0,0
1991-01-01,Cabo Carvoeiro,0,0
1991-01-01,Santarém,16,2
1991-01-01,Torres Vedras,0,0
1991-01-01,Cabo da Roca,0,0
1991-01-01,Lisboa/Geofísico,6,1
1991-01-01,Lisboa/Ajuda,6,1
1992-01-01,Monção,0,0
1992-01-01,Ponte de Lima,0,0
1992-01-01,Cabril,0,0
1992-01-01,Porto/Pedras Rubras,0,0
1992-01-01,Aveiro,0,0
1992-01-01,Anadia,0,0
1992-01-01,Coimbra,0,0
1992-01-01,São Pedro de Moel,0,0
1992-01-01,Alcobaça,0,0
1992-01-01,Cabo Carvoeiro,0,0
1992-01-01,Santarém,0,0
1992-01-01,Torres Vedras,0,0
1992-01-01,Cabo da Roca,0,0
1992-01-01,Lisboa/Geofísico,0,0
1992-01-01,Lisboa/Ajuda,0,0
1993-01-01,Monção,0,0
1993-01-01,Ponte de Lima,0,0
1993-01-01,Cabril,0,0
1993-01-01,Porto/Pedras Rubras,0,0
1993-01-01,Aveiro,0,0
1993-01-01,Anadia,0,0
1993-01-01,Coimbra,0,0
1993-01-01,São Pedro de Moel,0,0
1993-01-01,Alcobaça,0,0
1993-01-01,Cabo Carvoeiro,0,0
1993-01-01,Santarém,0,0
1993-01-01,Torres Vedras,0,0
1993-01-01,Cabo da Roca,0,0
1993-01-01,Lisboa/Geofísico,0,0
1993-01-01,Lisboa/Ajuda,0,0
1994-01-01,Monção,0,0
1994-01-01,Ponte de Lima,0,0
1994-01-01,Cabril,0,0
1994-01-01,Porto/Pedras Rubras,0,0
1994-01-01,Aveiro,0,0
1994-01-01,Anadia,0,0
1994-01-01,Coimbra,0,0
1994-01-01,São Pedro de Moel,6,1
1994-01-01,Alcobaça,0,0
1994-01-01,Cabo Carvoeiro,0,0
1994-01-01,Santarém,0,0
1994-01-01,Torres Vedras,0,0
1994-01-01,Cabo da Roca,0,0
1994-01-01,Lisboa/Geofísico,0,0
1994-01-01,Lisboa/Ajuda,0,0
1995-01-01,Monção,0,0
1995-01-01,Ponte de Lima,9,1
1995-01-01,Cabril,0,0
1995-01-01,Porto/Pedras Rubras,8,1
1995-01-01,Aveiro,0,0
1995-01-01,Anadia,8,1
1995-01-01,Coimbra,8,1
1995-01-01,São Pedro de Moel,0,0
1995-01-01,Alcobaça,0,0
1995-01-01,Cabo Carvoeiro,0,0
1995-01-01,Santarém,7,1
1995-01-01,Torres Vedras,7,1
1995-01-01,Cabo da Roca,0,0
1995-01-01,Lisboa/Geofísico,6,1
1995-01-01,Lisboa/Ajuda,0,0
1996-01-01,Monção,0,0
1996-01-01,Ponte de Lima,0,0
1996-01-01,Cabril,0,0
1996-01-01,Porto/Pedras Rubras,0,0
1996-01-01,Aveiro,0,0
1996-01-01,Anadia,0,0
1996-01-01,Coimbra,0,0
1996-01-01,São Pedro de Moel,0,0
1996-01-01,Alcobaça,0,0
1996-01-01,Cabo Carvoeiro,0,0
1996-01-01,Santarém,0,0
1996-01-01,Torres Vedras,0,0
1996-01-01,Cabo da Roca,0,0
1996-01-01,Lisboa/Geofísico,0,0
1996-01-01,Lisboa/Ajuda,0,0
1997-01-01,Monção,0,0
1997-01-01,Ponte de Lima,0,0
1997-01-01,Cabril,0,0
1997-01-01,Porto/Pedras Rubras,0,0
1997-01-01,Aveiro,0,0
1997-01-01,Anadia,0,0
1997-01-01,Coimbra,0,0
1997-01-01,São Pedro de Moel,0,0
1997-01-01,Alcobaça,0,0
1997-01-01,Cabo Carvoeiro,0,0
1997-01-01,Santarém,0,0
1997-01-01,Torres Vedras,0,0
1997-01-01,Cabo da Roca,0,0
1997-01-01,Lisboa/Geofísico,0,0
1997-01-01,Lisboa/Ajuda,0,0
1998-01-01,Monção,0,0
1998-01-01,Ponte de Lima,0,0
1998-01-01,Cabril,15,2
1998-01-01,Porto/Pedras Rubras,0,0
1998-01-01,Aveiro,0,0
1998-01-01,Anadia,0,0
1998-01-01,Coimbra,0,0
1998-01-01,São Pedro de Moel,0,0
1998-01-01,Alcobaça,0,0
1998-01-01,Cabo Carvoeiro,0,0
1998-01-01,Santarém,8,1
1998-01-01,Torres Vedras,8,1
1998-01-01,Cabo da Roca,0,0
1998-01-01,Lisboa/Geofísico,0,0
1998-01-01,Lisboa/Ajuda,0,0
1999-01-01,Monção,0,0
1999-01-01,Ponte de Lima,0,0
1999-01-01,Cabril,0,0
1999-01-01,Porto/Pedras Rubras,0,0
1999-01-01,Aveiro,0,0
1999-01-01,Anadia,0,0
1999-01-01,Coimbra,0,0
1999-01-01,São Pedro de Moel,0,0
1999-01-01,Alcobaça,0,0
1999-01-01,Cabo Carvoeiro,0,0
1999-01-01,Santarém,0,0
1999-01-01,Torres Vedras,0,0
1999-01-01,Cabo da Roca,0,0
1999-01-01,Lisboa/Geofísico,0,0
1999-01-01,Lisboa/Ajuda,0,0
2000-01-01,Monção,0,0
2000-01-01,Ponte de Lima,0,0
2000-01-01,Cabril,0,0
2000-01-01,Porto/Pedras Rubras,0,0
2000-01-01,Aveiro,0,0
2000-01-01,Anadia,0,0
2000-01-01,Coimbra,0,0
2000-01-01,São Pedro de Moel,0,0
2000-01-01,Alcobaça,0,0
2000-01-01,Cabo Carvoeiro,0,0
2000-01-01,Santarém,0,0
2000-01-01,Torres Vedras,0,0
2000-01-01,Cabo da Roca,0,0
2000-01-01,Lisboa/Geofísico,0,0
2000-01-01,Lisboa/Ajuda,0,0
2001-01-01,Monção,2,0
2001-01-01,Ponte de Lima,1,0
2001-01-01,Cabril,2,0
2001-01-01,Porto/Pedras Rubras,0,0
2001-01-01,Aveiro,0,0
2001-01-01,Anadia,0,0
2001-01-01,Coimbra,1,0
2001-01-01,São Pedro de Moel,0,0
2001-01-01,Alcobaça,0,0
2001-01-01,Cabo Carvoeiro,0,0
2001-01-01,Santarém,2,0
2001-01-01,Torres Vedras,1,0
2001-01-01,Cabo da Roca,0,0
2001-01-01,Lisboa/Geofísico,1,0
2001-01-01,Lisboa/Ajuda,0,0
2002-01-01,Monção,0,0
2002-01-01,Ponte de Lima,0,0
2002-01-01,Cabril,0,0
2002-01-01,Porto/Pedras Rubras,0,0
2002-01-01,Aveiro,0,0
2002-01-01,Anadia,0,0
2002-01-01,Coimbra,0,0
2002-01-01,São Pedro de Moel,0,0
2002-01-01,Alcobaça,0,0
2002-01-01,Cabo Carvoeiro,0,0
2002-01-01,Santarém,0,0
2002-01-01,Torres Vedras,0,0
2002-01-01,Cabo da Roca,0,0
2002-01-01,Lisboa/Geofísico,0,0
2002-01-01,Lisboa/Ajuda,0,0
2003-01-01,Monção,9,1
2003-01-01,Ponte de Lima,0,0
2003-01-01,Cabril,9,1
2003-01-01,Porto/Pedras Rubras,0,0
2003-01-01,Aveiro,0,0
2003-01-01,Anadia,0,0
2003-01-01,Coimbra,6,1
2003-01-01,São Pedro de Moel,0,0
2003-01-01,Alcobaça,6,1
2003-01-01,Cabo Carvoeiro,0,0
2003-01-01,Santarém,9,1
2003-01-01,Torres Vedras,0,0
2003-01-01,Cabo da Roca,0,0
2003-01-01,Lisboa/Geofísico,0,0
2003-01-01,Lisboa/Ajuda,9,1
2004-01-01,Monção,0,0
2004-01-01,Ponte de Lima,0,0
2004-01-01,Cabril,0,0
2004-01-01,Porto/Pedras Rubras,0,0
2004-01-01,Aveiro,0,0
2004-01-01,Anadia,0,0
2004-01-01,Coimbra,0,0
2004-01-01,São Pedro de Moel,0,0
2004-01-01,Alcobaça,0,0
2004-01-01,Cabo Carvoeiro,0,0
2004-01-01,Santarém,0,0
2004-01-01,Torres Vedras,0,0
2004-01-01,Cabo da Roca,0,0
2004-01-01,Lisboa/Geofísico,0,0
2004-01-01,Lisboa/Ajuda,0,0
2005-01-01,Monção,6,1
2005-01-01,Ponte de Lima,0,0
2005-01-01,Cabril,13,2
2005-01-01,Porto/Pedras Rubras,0,0
2005-01-01,Aveiro,0,0
2005-01-01,Anadia,0,0
2005-01-01,Coimbra,0,0
2005-01-01,São Pedro de Moel,0,0
2005-01-01,Alcobaça,0,0
2005-01-01,Cabo Carvoeiro,0,0
2005-01-01,Santarém,6,1
2005-01-01,Torres Vedras,0,0
2005-01-01,Cabo da Roca,0,0
2005-01-01,Lisboa/Geofísico,0,0
2005-01-01,Lisboa/Ajuda,0,0
2006-01-01,Monção,23,3
2006-01-01,Ponte de Lima,8,1
2006-01-01,Cabril,16,2
2006-01-01,Porto/Pedras Rubras,17,2
2006-01-01,Aveiro,14,2
2006-01-01,Anadia,23,3
2006-01-01,Coimbra,21,3
2006-01-01,São Pedro de Moel,0,0
2006-01-01,Alcobaça,6,1
2006-01-01,Cabo Carvoeiro,0,0
2006-01-01,Santarém,20,3
2006-01-01,Torres Vedras,12,2
2006-01-01,Cabo da Roca,0,0
2006-01-01,Lisboa/Geofísico,0,0
2006-01-01,Lisboa/Ajuda,0,0
2007-01-01,Monção,0,0
2007-01-01,Ponte de Lima,0,0
2007-01-01,Cabril,0,0
2007-01-01,Porto/Pedras Rubras,0,0
2007-01-01,Aveiro,0,0
2007-01-01,Anadia,0,0
2007-01-01,Coimbra,0,0
2007-01-01,São Pedro de Moel,0,0
2007-01-01,Alcobaça,0,0
2007-01-01,Cabo Carvoeiro,0,0
2007-01-01,Santarém,0,0
2007-01-01,Torres Vedras,0,0
2007-01-01,Cabo da Roca,0,0
2007-01-01,Lisboa/Geofísico,0,0
2007-01-01,Lisboa/Ajuda,0,0
2008-01-01,Monção,0,0
2008-01-01,Ponte de Lima,0,0
2008-01-01,Cabril,0,0
2008-01-01,Porto/Pedras Rubras,0,0
2008-01-01,Aveiro,0,0
2008-01-01,Anadia,0,0
2008-01-01,Coimbra,0,0
2008-01-01,São Pedro de Moel,0,0
2008-01-01,Alcobaça,0,0
2008-01-01,Cabo Carvoeiro,0,0
2008-01-01,Santarém,0,0
2008-01-01,Torres Vedras,0,0
2008-01-01,Cabo da Roca,0,0
2008-01-01,Lisboa/Geofísico,0,0
2008-01-01,Lisboa/Ajuda,0,0
2009-01-01,Monção,2,1
2009-01-01,Ponte de Lima,1,1
2009-01-01,Cabril,2,1
2009-01-01,Porto/Pedras Rubras,0,0
2009-01-01,Aveiro,0,0
2009-01-01,Anadia,1,1
2009-01-01,Coimbra,2,1
2009-01-01,São Pedro de Moel,0,0
2009-01-01,Alcobaça,0,0
2009-01-01,Cabo Carvoeiro,0,0
2009-01-01,Santarém,1,1
2009-01-01,Torres Vedras,0,0
2009-01-01,Cabo da Roca,0,0
2009-01-01,Lisboa/Geofísico,0,0
2009-01-01,Lisboa/Ajuda,0,0
2010-01-01,Monção,7,1
2010-01-01,Ponte de Lima,7,1
2010-01-01,Cabril,14,2
2010-01-01,Porto/Pedras Rubras,0,0
2010-01-01,Aveiro,0,0
2010-01-01,Anadia,0,0
2010-01-01,Coimbra,0,0
2010-01-01,São Pedro de Moel,0,0
2010-01-01,Alcobaça,0,0
2010-01-01,Cabo Carvoeiro,0,0
2010-01-01,Santarém,0,0
2010-01-01,Torres Vedras,0,0
2010-01-01,Cabo da Roca,0,0
2010-01-01,Lisboa/Geofísico,0,0
2010-01-01,Lisboa/Ajuda,0,0
2011-01-01,Monção,0,0
2011-01-01,Ponte de Lima,0,0
2011-01-01,Cabril,0,0
2011-01-01,Porto/Pedras Rubras,0,0
2011-01-01,Aveiro,0,0
2011-01-01,Anadia,0,0
2011-01-01,Coimbra,0,0
2011-01-01,São Pedro de Moel,0,0
2011-01-01,Alcobaça,0,0
2011-01-01,Cabo Carvoeiro,0,0
2011-01-01,Santarém,0,0
2011-01-01,Torres Vedras,0,0
2011-01-01,Cabo da Roca,0,0
2011-01-01,Lisboa/Geofísico,0,0
2011-01-01,Lisboa/Ajuda,0,0
2012-01-01,Monção,0,0
2012-01-01,Ponte de Lima,0,0
2012-01-01,Cabril,0,0
2012-01-01,Porto/Pedras Rubras,0,0
2012-01-01,Aveiro,0,0
2012-01-01,Anadia,0,0
2012-01-01,Coimbra,0,0
2012-01-01,São Pedro de Moel,0,0
2012-01-01,Alcobaça,1,0
2012-01-01,Cabo Carvoeiro,0,0
2012-01-01,Santarém,0,0
2012-01-01,Torres Vedras,1,0
2012-01-01,Cabo da Roca,0,0
2012-01-01,Lisboa/Geofísico,0,0
2012-01-01,Lisboa/Ajuda,0,0
2013-01-01,Monção,6,1
2013-01-01,Ponte de Lima,13,2
2013-01-01,Cabril,19,2
2013-01-01,Porto/Pedras Rubras,17,2
2013-01-01,Aveiro,6,1
2013-01-01,Anadia,13,2
2013-01-01,Coimbra,14,2
2013-01-01,São Pedro de Moel,0,0
2013-01-01,Alcobaça,13,2
2013-01-01,Cabo Carvoeiro,0,0
2013-01-01,Santarém,14,2
2013-01-01,Torres Vedras,15,2
2013-01-01,Cabo da Roca,13,2
2013-01-01,Lisboa/Geofísico,8,1
2013-01-01,Lisboa/Ajuda,0,0
2014-01-01,Monção,0,0
2014-01-01,Ponte de Lima,0,0
2014-01-01,Cabril,0,0
2014-01-01,Porto/Pedras Rubras,6,1
2014-01-01,Aveiro,0,0
2014-01-01,Anadia,0,0
2014-01-01,Coimbra,0,0
2014-01-01,São Pedro de Moel,0,0
2014-01-01,Alcobaça,0,0
2014-01-01,Cabo Carvoeiro,0,0
2014-01-01,Santarém,0,0
2014-01-01,Torres Vedras,0,0
2014-01-01,Cabo da Roca,0,0
2014-01-01,Lisboa/Geofísico,0,0
2014-01-01,Lisboa/Ajuda,0,0
2015-01-01,Monção,0,0
2015-01-01,Ponte de Lima,0,0
2015-01-01,Cabril,8,1
2015-01-01,Porto/Pedras Rubras,0,0
2015-01-01,Aveiro,0,0
2015-01-01,Anadia,0,0
2015-01-01,Coimbra,0,0
2015-01-01,São Pedro de Moel,0,0
2015-01-01,Alcobaça,0,0
2015-01-01,Cabo Carvoeiro,0,0
2015-01-01,Santarém,0,0
2015-01-01,Torres Vedras,0,0
2015-01-01,Cabo da Roca,0,0
2015-01-01,Lisboa/Geofísico,0,0
2015-01-01,Lisboa/Ajuda,7,1
2016-01-01,Monção,0,0
2016-01-01,Ponte de Lima,0,0
2016-01-01,Cabril,16,2
2016-01-01,Porto/Pedras Rubras,0,0
2016-01-01,Aveiro,0,0
2016-01-01,Anadia,0,0
2016-01-01,Coimbra,0,0
2016-01-01,São Pedro de Moel,0,0
2016-01-01,Alcobaça,0,0
2016-01-01,Cabo Carvoeiro,0,0
2016-01-01,Santarém,6,1
2016-01-01,Torres Vedras,0,0
2016-01-01,Cabo da Roca,0,0
2016-01-01,Lisboa/Geofísico,0,0
2016-01-01,Lisboa/Ajuda,0,0
2017-01-01,Monção,10,1
2017-01-01,Ponte de Lima,0,0
2017-01-01,Cabril,18,2
2017-01-01,Porto/Pedras Rubras,0,0
2017-01-01,Aveiro,0,0
2017-01-01,Anadia,6,1
2017-01-01,Coimbra,0,0
2017-01-01,São Pedro de Moel,0,0
2017-01-01,Alcobaça,0,0
2017-01-01,Cabo Carvoeiro,0,0
2017-01-01,Santarém,6,1
2017-01-01,Torres Vedras,0,0
2017-01-01,Cabo da Roca,0,0
2017-01-01,Lisboa/Geofísico,0,0
2017-01-01,Lisboa/Ajuda,0,0
2018-01-01,Monção,6,1
2018-01-01,Ponte de Lima,0,0
2018-01-01,Cabril,8,1
2018-01-01,Porto/Pedras Rubras,0,0
2018-01-01,Aveiro,0,0
2018-01-01,Anadia,0,0
2018-01-01,Coimbra,0,0
2018-01-01,São Pedro de Moel,0,0
2018-01-01,Alcobaça,0,0
2018-01-01,Cabo Carvoeiro,0,0
2018-01-01,Santarém,7,1
2018-01-01,Torres Vedras,6,1
2018-01-01,Cabo da Roca,0,0
2018-01-01,Lisboa/Geofísico,6,1
2018-01-01,Lisboa/Ajuda,0,0
2019-01-01,Monção,0,0
2019-01-01,Ponte de Lima,0,0
2019-01-01,Cabril,0,0
2019-01-01,Porto/Pedras Rubras,0,0
2019-01-01,Aveiro,0,0
2019-01-01,Anadia,2,1
2019-01-01,Coimbra,0,0
2019-01-01,São Pedro de Moel,0,0
2019-01-01,Alcobaça,0,0
2019-01-01,Cabo Carvoeiro,0,0
2019-01-01,Santarém,2,1
2019-01-01,Torres Vedras,0,0
2019-01-01,Cabo da Roca,0,0
2019-01-01,Lisboa/Geofísico,2,1
2019-01-01,Lisboa/Ajuda,2,1
2020-01-01,Monção,0,0
2020-01-01,Ponte de Lima,0,0
2020-01-01,Cabril,8,1
2020-01-01,Porto/Pedras Rubras,0,0
2020-01-01,Aveiro,0,0
2020-01-01,Anadia,0,0
2020-01-01,Coimbra,0,0
2020-01-01,São Pedro de Moel,0,0
2020-01-01,Alcobaça,0,0
2020-01-01,Cabo Carvoeiro,0,0
2020-01-01,Santarém,0,0
2020-01-01,Torres Vedras,0,0
2020-01-01,Cabo da Roca,0,0
2020-01-01,Lisboa/Geofísico,0,0
2020-01-01,Lisboa/Ajuda,0,0
2021-01-01,Monção,7,1
2021-01-01,Ponte de Lima,0,0
2021-01-01,Cabril,6,1
2021-01-01,Porto/Pedras Rubras,0,0
2021-01-01,Aveiro,0,0
2021-01-01,Anadia,0,0
2021-01-01,Coimbra,0,0
2021-01-01,São Pedro de Moel,0,0
2021-01-01,Alcobaça,0,0
2021-01-01,Cabo Carvoeiro,0,0
2021-01-01,Santarém,0,0
2021-01-01,Torres Vedras,0,0
2021-01-01,Cabo da Roca,0,0
2021-01-01,Lisboa/Geofísico,0,0
2021-01-01,Lisboa/Ajuda,0,0
2022-01-01,Monção,7,1
2022-01-01,Ponte de Lima,0,0
2022-01-01,Cabril,14,1
2022-01-01,Porto/Pedras Rubras,0,0
2022-01-01,Aveiro,0,0
2022-01-01,Anadia,0,0
2022-01-01,Coimbra,0,0
2022-01-01,São Pedro de Moel,0,0
2022-01-01,Alcobaça,0,0
2022-01-01,Cabo Carvoeiro,0,0
2022-01-01,Santarém,22,2
2022-01-01,Torres Vedras,0,0
2022-01-01,Cabo da Roca,0,0
2022-01-01,Lisboa/Geofísico,0,0
2022-01-01,Lisboa/Ajuda,7,1
2023-01-01,Monção,0,0
2023-01-01,Ponte de Lima,0,0
2023-01-01,Cabril,0,0
2023-01-01,Porto/Pedras Rubras,0,0
2023-01-01,Aveiro,0,0
2023-01-01,Anadia,0,0
2023-01-01,Coimbra,0,0
2023-01-01,São Pedro de Moel,0,0
2023-01-01,Alcobaça,0,0
2023-01-01,Cabo Carvoeiro,0,0
2023-01-01,Santarém,13,2
2023-01-01,Torres Vedras,13,2
2023-01-01,Cabo da Roca,0,0
2023-01-01,Lisboa/Geofísico,12,2
2023-01-01,Lisboa/Ajuda,12,2
2024-01-01,Monção,3,1
2024-01-01,Ponte de Lima,3,1
2024-01-01,Cabril,7,1
2024-01-01,Porto/Pedras Rubras,0,0
2024-01-01,Aveiro,0,0
2024-01-01,Anadia,0,0
2024-01-01,Coimbra,0,0
2024-01-01,São Pedro de Moel,0,0
2024-01-01,Alcobaça,0,0
2024-01-01,Cabo Carvoeiro,0,0
2024-01-01,Santarém,3,1
2024-01-01,Torres Vedras,4,1
2024-01-01,Cabo da Roca,0,0
2024-01-01,Lisboa/Geofísico,0,0
2024-01-01,Lisboa/Ajuda,0,0
2025-01-01,Monção,19,2
2025-01-01,Ponte de Lima,9,1
2025-01-01,Cabril,29,2
2025-01-01,Porto/Pedras Rubras,0,0
2025-01-01,Aveiro,0,0
2025-01-01,Anadia,9,1
2025-01-01,Coimbra,6,1
2025-01-01,São Pedro de Moel,0,0
2025-01-01,Alcobaça,0,0
2025-01-01,Cabo Carvoeiro,0,0
2025-01-01,Santarém,6,1
2025-01-01,Torres Vedras,0,0
2025-01-01,Cabo da Roca,0,0
2025-01-01,Lisboa/Geofísico,0,0
2025-01-01,Lisboa/Ajuda,1,1
1941-01-01,Alvega,,
1941-01-01,Portalegre,,
1941-01-01,Avis/Benavila,,
1941-01-01,Coruche,,
1941-01-01,Mora,,
1941-01-01,Elvas,0,0
1941-01-01,Pegões,0,0
1941-01-01,Setúbal,,
1941-01-01,Alcácer do Sal,0,0
1941-01-01,Amareleja,,
1941-01-01,Beja,0,0
1941-01-01,Alvalade,0,0
1941-01-01,Mértola,0,0
1941-01-01,Zambujeira,,
1941-01-01,Castro Verde/N. Corvo,,
1941-01-01,V. R. de Santo António,,
1941-01-01,Faro/Aeroporto,,
1941-01-01,Sagres,,
1942-01-01,Alvega,,
1942-01-01,Portalegre,6,1
1942-01-01,Avis/Benavila,,
1942-01-01,Coruche,,
1942-01-01,Mora,,
1942-01-01,Elvas,0,0
1942-01-01,Pegões,0,0
1942-01-01,Setúbal,,
1942-01-01,Alcácer do Sal,0,0
1942-01-01,Amareleja,,
1942-01-01,Beja,0,0
1942-01-01,Alvalade,0,0
1942-01-01,Mértola,0,0
1942-01-01,Zambujeira,,
1942-01-01,Castro Verde/N. Corvo,,
1942-01-01,V. R. de Santo António,,
1942-01-01,Faro/Aeroporto,,
1942-01-01,Sagres,,
1943-01-01,Alvega,,
1943-01-01,Portalegre,14,2
1943-01-01,Avis/Benavila,,
1943-01-01,Coruche,,
1943-01-01,Mora,,
1943-01-01,Elvas,6,1
1943-01-01,Pegões,13,1
1943-01-01,Setúbal,,
1943-01-01,Alcácer do Sal,0,0
1943-01-01,Amareleja,,
1943-01-01,Beja,0,0
1943-01-01,Alvalade,14,2
1943-01-01,Mértola,0,0
1943-01-01,Zambujeira,,
1943-01-01,Castro Verde/N. Corvo,,
1943-01-01,V. R. de Santo António,,
1943-01-01,Faro/Aeroporto,,
1943-01-01,Sagres,,
1944-01-01,Alvega,,
1944-01-01,Portalegre,0,0
1944-01-01,Avis/Benavila,,
1944-01-01,Coruche,,
1944-01-01,Mora,,
1944-01-01,Elvas,0,0
1944-01-01,Pegões,8,1
1944-01-01,Setúbal,,
1944-01-01,Alcácer do Sal,0,0
1944-01-01,Amareleja,,
1944-01-01,Beja,0,0
1944-01-01,Alvalade,0,0
1944-01-01,Mértola,0,0
1944-01-01,Zambujeira,,
1944-01-01,Castro Verde/N. Corvo,,
1944-01-01,V. R. de Santo António,,
1944-01-01,Faro/Aeroporto,,
1944-01-01,Sagres,,
1945-01-01,Alvega,,
1945-01-01,Portalegre,0,0
1945-01-01,Avis/Benavila,,
1945-01-01,Coruche,,
1945-01-01,Mora,,
1945-01-01,Elvas,0,0
1945-01-01,Pegões,6,1
1945-01-01,Setúbal,,
1945-01-01,Alcácer do Sal,0,0
1945-01-01,Amareleja,,
1945-01-01,Beja,0,0
1945-01-01,Alvalade,0,0
1945-01-01,Mértola,0,0
1945-01-01,Zambujeira,,
1945-01-01,Castro Verde/N. Corvo,,
1945-01-01,V. R. de Santo António,,
1945-01-01,Faro/Aeroporto,,
1945-01-01,Sagres,,
1946-01-01,Alvega,,
1946-01-01,Portalegre,0,0
1946-01-01,Avis/Benavila,,
1946-01-01,Coruche,,
1946-01-01,Mora,,
1946-01-01,Elvas,0,0
1946-01-01,Pegões,6,1
1946-01-01,Setúbal,,
1946-01-01,Alcácer do Sal,0,0
1946-01-01,Amareleja,,
1946-01-01,Beja,0,0
1946-01-01,Alvalade,7,1
1946-01-01,Mértola,0,0
1946-01-01,Zambujeira,,
1946-01-01,Castro Verde/N. Corvo,,
1946-01-01,V. R. de Santo António,,
1946-01-01,Faro/Aeroporto,,
1946-01-01,Sagres,,
1947-01-01,Alvega,,
1947-01-01,Portalegre,0,0
1947-01-01,Avis/Benavila,,
1947-01-01,Coruche,,
1947-01-01,Mora,,
1947-01-01,Elvas,0,0
1947-01-01,Pegões,0,0
1947-01-01,Setúbal,,
1947-01-01,Alcácer do Sal,0,0
1947-01-01,Amareleja,,
1947-01-01,Beja,0,0
1947-01-01,Alvalade,0,0
1947-01-01,Mértola,0,0
1947-01-01,Zambujeira,,
1947-01-01,Castro Verde/N. Corvo,,
1947-01-01,V. R. de Santo António,,
1947-01-01,Faro/Aeroporto,,
1947-01-01,Sagres,,
1948-01-01,Alvega,,
1948-01-01,Portalegre,8,1
1948-01-01,Avis/Benavila,,
1948-01-01,Coruche,,
1948-01-01,Mora,,
1948-01-01,Elvas,0,0
1948-01-01,Pegões,7,1
1948-01-01,Setúbal,,
1948-01-01,Alcácer do Sal,6,1
1948-01-01,Amareleja,,
1948-01-01,Beja,6,1
1948-01-01,Alvalade,6,1
1948-01-01,Mértola,0,0
1948-01-01,Zambujeira,,
1948-01-01,Castro Verde/N. Corvo,,
1948-01-01,V. R. de Santo António,,
1948-01-01,Faro/Aeroporto,,
1948-01-01,Sagres,,
1949-01-01,Alvega,22,3
1949-01-01,Portalegre,23,3
1949-01-01,Avis/Benavila,,
1949-01-01,Coruche,,
1949-01-01,Mora,,
1949-01-01,Elvas,0,0
1949-01-01,Pegões,7,1
1949-01-01,Setúbal,0,0
1949-01-01,Alcácer do Sal,0,0
1949-01-01,Amareleja,,
1949-01-01,Beja,0,0
1949-01-01,Alvalade,0,0
1949-01-01,Mértola,0,0
1949-01-01,Zambujeira,,
1949-01-01,Castro Verde/N. Corvo,,
1949-01-01,V. R. de Santo António,0,0
1949-01-01,Faro/Aeroporto,,
1949-01-01,Sagres,,
1950-01-01,Alvega,6,1
1950-01-01,Portalegre,0,0
1950-01-01,Avis/Benavila,,
1950-01-01,Coruche,,
1950-01-01,Mora,,
1950-01-01,Elvas,6,1
1950-01-01,Pegões,0,0
1950-01-01,Setúbal,0,0
1950-01-01,Alcácer do Sal,0,0
1950-01-01,Amareleja,,
1950-01-01,Beja,0,0
1950-01-01,Alvalade,0,0
1950-01-01,Mértola,0,0
1950-01-01,Zambujeira,,
1950-01-01,Castro Verde/N. Corvo,,
1950-01-01,V. R. de Santo António,0,0
1950-01-01,Faro/Aeroporto,,
1950-01-01,Sagres,,
1951-01-01,Alvega,8,1
1951-01-01,Portalegre,0,0
1951-01-01,Avis/Benavila,,
1951-01-01,Coruche,,
1951-01-01,Mora,,
1951-01-01,Elvas,0,0
1951-01-01,Pegões,0,0
1951-01-01,Setúbal,0,0
1951-01-01,Alcácer do Sal,0,0
1951-01-01,Amareleja,,
1951-01-01,Beja,0,0
1951-01-01,Alvalade,0,0
1951-01-01,Mértola,0,0
1951-01-01,Zambujeira,,
1951-01-01,Castro Verde/N. Corvo,,
1951-01-01,V. R. de Santo António,0,0
1951-01-01,Faro/Aeroporto,,
1951-01-01,Sagres,,
1952-01-01,Alvega,0,0
1952-01-01,Portalegre,0,0
1952-01-01,Avis/Benavila,,
1952-01-01,Coruche,,
1952-01-01,Mora,,
1952-01-01,Elvas,0,0
1952-01-01,Pegões,0,0
1952-01-01,Setúbal,0,0
1952-01-01,Alcácer do Sal,0,0
1952-01-01,Amareleja,,
1952-01-01,Beja,0,0
1952-01-01,Alvalade,0,0
1952-01-01,Mértola,0,0
1952-01-01,Zambujeira,,
1952-01-01,Castro Verde/N. Corvo,,
1952-01-01,V. R. de Santo António,0,0
1952-01-01,Faro/Aeroporto,,
1952-01-01,Sagres,0,0
1953-01-01,Alvega,0,0
1953-01-01,Portalegre,6,0
1953-01-01,Avis/Benavila,,
1953-01-01,Coruche,,
1953-01-01,Mora,,
1953-01-01,Elvas,0,0
1953-01-01,Pegões,2,1
1953-01-01,Setúbal,2,1
1953-01-01,Alcácer do Sal,2,1
1953-01-01,Amareleja,,
1953-01-01,Beja,2,1
1953-01-01,Alvalade,2,0
1953-01-01,Mértola,2,1
1953-01-01,Zambujeira,,
1953-01-01,Castro Verde/N. Corvo,,
1953-01-01,V. R. de Santo António,0,0
1953-01-01,Faro/Aeroporto,,
1953-01-01,Sagres,0,0
1954-01-01,Alvega,0,0
1954-01-01,Portalegre,0,0
1954-01-01,Avis/Benavila,,
1954-01-01,Coruche,,
1954-01-01,Mora,,
1954-01-01,Elvas,0,0
1954-01-01,Pegões,0,0
1954-01-01,Setúbal,0,0
1954-01-01,Alcácer do Sal,0,0
1954-01-01,Amareleja,,
1954-01-01,Beja,0,0
1954-01-01,Alvalade,0,0
1954-01-01,Mértola,0,0
1954-01-01,Zambujeira,,
1954-01-01,Castro Verde/N. Corvo,,
1954-01-01,V. R. de Santo António,0,0
1954-01-01,Faro/Aeroporto,,
1954-01-01,Sagres,0,0
1955-01-01,Alvega,0,0
1955-01-01,Portalegre,0,0
1955-01-01,Avis/Benavila,,
1955-01-01,Coruche,,
1955-01-01,Mora,,
1955-01-01,Elvas,0,0
1955-01-01,Pegões,0,0
1955-01-01,Setúbal,0,0
1955-01-01,Alcácer do Sal,0,0
1955-01-01,Amareleja,,
1955-01-01,Beja,0,0
1955-01-01,Alvalade,0,0
1955-01-01,Mértola,0,0
1955-01-01,Zambujeira,,
1955-01-01,Castro Verde/N. Corvo,,
1955-01-01,V. R. de Santo António,0,0
1955-01-01,Faro/Aeroporto,,
1955-01-01,Sagres,0,0
1956-01-01,Alvega,0,0
1956-01-01,Portalegre,0,0
1956-01-01,Avis/Benavila,0,0
1956-01-01,Coruche,,
1956-01-01,Mora,,
1956-01-01,Elvas,0,0
1956-01-01,Pegões,0,0
1956-01-01,Setúbal,0,0
1956-01-01,Alcácer do Sal,0,0
1956-01-01,Amareleja,,
1956-01-01,Beja,0,0
1956-01-01,Alvalade,0,0
1956-01-01,Mértola,0,0
1956-01-01,Zambujeira,,
1956-01-01,Castro Verde/N. Corvo,,
1956-01-01,V. R. de Santo António,0,0
1956-01-01,Faro/Aeroporto,,
1956-01-01,Sagres,0,0
1957-01-01,Alvega,0,0
1957-01-01,Portalegre,0,0
1957-01-01,Avis/Benavila,0,0
1957-01-01,Coruche,,
1957-01-01,Mora,,
1957-01-01,Elvas,0,0
1957-01-01,Pegões,0,0
1957-01-01,Setúbal,0,0
1957-01-01,Alcácer do Sal,0,0
1957-01-01,Amareleja,,
1957-01-01,Beja,0,0
1957-01-01,Alvalade,0,0
1957-01-01,Mértola,0,0
1957-01-01,Zambujeira,,
1957-01-01,Castro Verde/N. Corvo,,
1957-01-01,V. R. de Santo António,0,0
1957-01-01,Faro/Aeroporto,,
1957-01-01,Sagres,0,0
1958-01-01,Alvega,0,0
1958-01-01,Portalegre,0,0
1958-01-01,Avis/Benavila,0,0
1958-01-01,Coruche,,
1958-01-01,Mora,,
1958-01-01,Elvas,0,0
1958-01-01,Pegões,0,0
1958-01-01,Setúbal,0,0
1958-01-01,Alcácer do Sal,0,0
1958-01-01,Amareleja,,
1958-01-01,Beja,0,0
1958-01-01,Alvalade,0,0
1958-01-01,Mértola,0,0
1958-01-01,Zambujeira,,
1958-01-01,Castro Verde/N. Corvo,,
1958-01-01,V. R. de Santo António,0,0
1958-01-01,Faro/Aeroporto,,
1958-01-01,Sagres,0,0
1959-01-01,Alvega,0,0
1959-01-01,Portalegre,0,0
1959-01-01,Avis/Benavila,0,0
1959-01-01,Coruche,,
1959-01-01,Mora,,
1959-01-01,Elvas,0,0
1959-01-01,Pegões,0,0
1959-01-01,Setúbal,0,0
1959-01-01,Alcácer do Sal,0,0
1959-01-01,Amareleja,,
1959-01-01,Beja,0,0
1959-01-01,Alvalade,0,0
1959-01-01,Mértola,0,0
1959-01-01,Zambujeira,,
1959-01-01,Castro Verde/N. Corvo,,
1959-01-01,V. R. de Santo António,0,0
1959-01-01,Faro/Aeroporto,,
1959-01-01,Sagres,0,0
1960-01-01,Alvega,0,0
1960-01-01,Portalegre,0,0
1960-01-01,Avis/Benavila,0,0
1960-01-01,Coruche,,
1960-01-01,Mora,,
1960-01-01,Elvas,0,0
1960-01-01,Pegões,0,0
1960-01-01,Setúbal,0,0
1960-01-01,Alcácer do Sal,0,0
1960-01-01,Amareleja,,
1960-01-01,Beja,0,0
1960-01-01,Alvalade,0,0
1960-01-01,Mértola,0,0
1960-01-01,Zambujeira,,
1960-01-01,Castro Verde/N. Corvo,,
1960-01-01,V. R. de Santo António,0,0
1960-01-01,Faro/Aeroporto,,
1960-01-01,Sagres,0,0
1961-01-01,Alvega,8,1
1961-01-01,Portalegre,0,0
1961-01-01,Avis/Benavila,7,1
1961-01-01,Coruche,,
1961-01-01,Mora,,
1961-01-01,Elvas,0,0
1961-01-01,Pegões,0,0
1961-01-01,Setúbal,0,0
1961-01-01,Alcácer do Sal,0,0
1961-01-01,Amareleja,,
1961-01-01,Beja,6,1
1961-01-01,Alvalade,0,0
1961-01-01,Mértola,0,0
1961-01-01,Zambujeira,,
1961-01-01,Castro Verde/N. Corvo,,
1961-01-01,V. R. de Santo António,0,0
1961-01-01,Faro/Aeroporto,,
1961-01-01,Sagres,0,0
1962-01-01,Alvega,7,1
1962-01-01,Portalegre,7,1
1962-01-01,Avis/Benavila,6,1
1962-01-01,Coruche,,
1962-01-01,Mora,,
1962-01-01,Elvas,0,0
1962-01-01,Pegões,6,1
1962-01-01,Setúbal,0,0
1962-01-01,Alcácer do Sal,0,0
1962-01-01,Amareleja,,
1962-01-01,Beja,0,0
1962-01-01,Alvalade,6,1
1962-01-01,Mértola,6,1
1962-01-01,Zambujeira,,
1962-01-01,Castro Verde/N. Corvo,,
1962-01-01,V. R. de Santo António,0,0
1962-01-01,Faro/Aeroporto,,
1962-01-01,Sagres,0,0
1963-01-01,Alvega,0,0
1963-01-01,Portalegre,0,0
1963-01-01,Avis/Benavila,0,0
1963-01-01,Coruche,,
1963-01-01,Mora,,
1963-01-01,Elvas,0,0
1963-01-01,Pegões,0,0
1963-01-01,Setúbal,0,0
1963-01-01,Alcácer do Sal,0,0
1963-01-01,Amareleja,0,0
1963-01-01,Beja,0,0
1963-01-01,Alvalade,0,0
1963-01-01,Mértola,0,0
1963-01-01,Zambujeira,,
1963-01-01,Castro Verde/N. Corvo,,
1963-01-01,V. R. de Santo António,0,0
1963-01-01,Faro/Aeroporto,,
1963-01-01,Sagres,0,0
1964-01-01,Alvega,0,0
1964-01-01,Portalegre,0,0
1964-01-01,Avis/Benavila,0,0
1964-01-01,Coruche,,
1964-01-01,Mora,,
1964-01-01,Elvas,0,0
1964-01-01,Pegões,0,0
1964-01-01,Setúbal,0,0
1964-01-01,Alcácer do Sal,0,0
1964-01-01,Amareleja,0,0
1964-01-01,Beja,0,0
1964-01-01,Alvalade,0,0
1964-01-01,Mértola,0,0
1964-01-01,Zambujeira,,
1964-01-01,Castro Verde/N. Corvo,,
1964-01-01,V. R. de Santo António,0,0
1964-01-01,Faro/Aeroporto,,
1964-01-01,Sagres,0,0
1965-01-01,Alvega,0,0
1965-01-01,Portalegre,0,0
1965-01-01,Avis/Benavila,0,0
1965-01-01,Coruche,,
1965-01-01,Mora,,
1965-01-01,Elvas,0,0
1965-01-01,Pegões,0,0
1965-01-01,Setúbal,0,0
1965-01-01,Alcácer do Sal,0,0
1965-01-01,Amareleja,0,0
1965-01-01,Beja,0,0
1965-01-01,Alvalade,0,0
1965-01-01,Mértola,0,0
1965-01-01,Zambujeira,,
1965-01-01,Castro Verde/N. Corvo,,
1965-01-01,V. R. de Santo António,0,0
1965-01-01,Faro/Aeroporto,0,0
1965-01-01,Sagres,0,0
1966-01-01,Alvega,7,1
1966-01-01,Portalegre,6,1
1966-01-01,Avis/Benavila,0,0
1966-01-01,Coruche,,
1966-01-01,Mora,,
1966-01-01,Elvas,0,0
1966-01-01,Pegões,0,0
1966-01-01,Setúbal,0,0
1966-01-01,Alcácer do Sal,0,0
1966-01-01,Amareleja,0,0
1966-01-01,Beja,0,0
1966-01-01,Alvalade,0,0
1966-01-01,Mértola,0,0
1966-01-01,Zambujeira,,
1966-01-01,Castro Verde/N. Corvo,,
1966-01-01,V. R. de Santo António,0,0
1966-01-01,Faro/Aeroporto,0,0
1966-01-01,Sagres,0,0
1967-01-01,Alvega,0,0
1967-01-01,Portalegre,0,0
1967-01-01,Avis/Benavila,0,0
1967-01-01,Coruche,,
1967-01-01,Mora,,
1967-01-01,Elvas,0,0
1967-01-01,Pegões,0,0
1967-01-01,Setúbal,0,0
1967-01-01,Alcácer do Sal,0,0
1967-01-01,Amareleja,0,0
1967-01-01,Beja,0,0
1967-01-01,Alvalade,0,0
1967-01-01,Mértola,0,0
1967-01-01,Zambujeira,,
1967-01-01,Castro Verde/N. Corvo,,
1967-01-01,V. R. de Santo António,0,0
1967-01-01,Faro/Aeroporto,0,0
1967-01-01,Sagres,0,0
1968-01-01,Alvega,0,0
1968-01-01,Portalegre,12,2
1968-01-01,Avis/Benavila,0,0
1968-01-01,Coruche,,
1968-01-01,Mora,,
1968-01-01,Elvas,0,0
1968-01-01,Pegões,6,1
1968-01-01,Setúbal,0,0
1968-01-01,Alcácer do Sal,0,0
1968-01-01,Amareleja,0,0
1968-01-01,Beja,6,1
1968-01-01,Alvalade,0,0
1968-01-01,Mértola,0,0
1968-01-01,Zambujeira,,
1968-01-01,Castro Verde/N. Corvo,,
1968-01-01,V. R. de Santo António,0,0
1968-01-01,Faro/Aeroporto,0,0
1968-01-01,Sagres,0,0
1969-01-01,Alvega,0,0
1969-01-01,Portalegre,8,1
1969-01-01,Avis/Benavila,0,0
1969-01-01,Coruche,,
1969-01-01,Mora,,
1969-01-01,Elvas,0,0
1969-01-01,Pegões,0,0
1969-01-01,Setúbal,0,0
1969-01-01,Alcácer do Sal,0,0
1969-01-01,Amareleja,0,0
1969-01-01,Beja,0,0
1969-01-01,Alvalade,0,0
1969-01-01,Mértola,0,0
1969-01-01,Zambujeira,,
1969-01-01,Castro Verde/N. Corvo,,
1969-01-01,V. R. de Santo António,0,0
1969-01-01,Faro/Aeroporto,0,0
1969-01-01,Sagres,0,0
1970-01-01,Alvega,0,0
1970-01-01,Portalegre,2,0
1970-01-01,Avis/Benavila,0,0
1970-01-01,Coruche,,
1970-01-01,Mora,,
1970-01-01,Elvas,0,0
1970-01-01,Pegões,0,0
1970-01-01,Setúbal,0,0
1970-01-01,Alcácer do Sal,0,0
1970-01-01,Amareleja,0,0
1970-01-01,Beja,0,0
1970-01-01,Alvalade,0,0
1970-01-01,Mértola,0,0
1970-01-01,Zambujeira,0,0
1970-01-01,Castro Verde/N. Corvo,,
1970-01-01,V. R. de Santo António,0,0
1970-01-01,Faro/Aeroporto,0,0
1970-01-01,Sagres,0,0
1971-01-01,Alvega,0,0
1971-01-01,Portalegre,0,0
1971-01-01,Avis/Benavila,0,0
1971-01-01,Coruche,,
1971-01-01,Mora,,
1971-01-01,Elvas,0,0
1971-01-01,Pegões,0,0
1971-01-01,Setúbal,0,0
1971-01-01,Alcácer do Sal,0,0
1971-01-01,Amareleja,0,0
1971-01-01,Beja,0,0
1971-01-01,Alvalade,0,0
1971-01-01,Mértola,0,0
1971-01-01,Zambujeira,0,0
1971-01-01,Castro Verde/N. Corvo,,
1971-01-01,V. R. de Santo António,0,0
1971-01-01,Faro/Aeroporto,0,0
1971-01-01,Sagres,0,0
1972-01-01,Alvega,0,0
1972-01-01,Portalegre,0,0
1972-01-01,Avis/Benavila,0,0
1972-01-01,Coruche,,
1972-01-01,Mora,,
1972-01-01,Elvas,0,0
1972-01-01,Pegões,0,0
1972-01-01,Setúbal,0,0
1972-01-01,Alcácer do Sal,0,0
1972-01-01,Amareleja,0,0
1972-01-01,Beja,0,0
1972-01-01,Alvalade,0,0
1972-01-01,Mértola,0,0
1972-01-01,Zambujeira,0,0
1972-01-01,Castro Verde/N. Corvo,,
1972-01-01,V. R. de Santo António,0,0
1972-01-01,Faro/Aeroporto,0,0
1972-01-01,Sagres,0,0
1973-01-01,Alvega,0,0
1973-01-01,Portalegre,0,0
1973-01-01,Avis/Benavila,0,0
1973-01-01,Coruche,,
1973-01-01,Mora,,
1973-01-01,Elvas,0,0
1973-01-01,Pegões,0,0
1973-01-01,Setúbal,0,0
1973-01-01,Alcácer do Sal,0,0
1973-01-01,Amareleja,0,0
1973-01-01,Beja,0,0
1973-01-01,Alvalade,0,0
1973-01-01,Mértola,0,0
1973-01-01,Zambujeira,0,0
1973-01-01,Castro Verde/N. Corvo,,
1973-01-01,V. R. de Santo António,0,0
1973-01-01,Faro/Aeroporto,0,0
1973-01-01,Sagres,0,0
1974-01-01,Alvega,0,0
1974-01-01,Portalegre,0,0
1974-01-01,Avis/Benavila,0,0
1974-01-01,Coruche,,
1974-01-01,Mora,,
1974-01-01,Elvas,0,0
1974-01-01,Pegões,0,0
1974-01-01,Setúbal,0,0
1974-01-01,Alcácer do Sal,0,0
1974-01-01,Amareleja,0,0
1974-01-01,Beja,0,0
1974-01-01,Alvalade,0,0
1974-01-01,Mértola,0,0
1974-01-01,Zambujeira,0,0
1974-01-01,Castro Verde/N. Corvo,,
1974-01-01,V. R. de Santo António,0,0
1974-01-01,Faro/Aeroporto,0,0
1974-01-01,Sagres,0,0
1975-01-01,Alvega,0,0
1975-01-01,Portalegre,0,0
1975-01-01,Avis/Benavila,0,0
1975-01-01,Coruche,,
1975-01-01,Mora,,
1975-01-01,Elvas,0,0
1975-01-01,Pegões,0,0
1975-01-01,Setúbal,0,0
1975-01-01,Alcácer do Sal,0,0
1975-01-01,Amareleja,0,0
1975-01-01,Beja,0,0
1975-01-01,Alvalade,0,0
1975-01-01,Mértola,0,0
1975-01-01,Zambujeira,0,0
1975-01-01,Castro Verde/N. Corvo,,
1975-01-01,V. R. de Santo António,0,0
1975-01-01,Faro/Aeroporto,0,0
1975-01-01,Sagres,0,0
1976-01-01,Alvega,0,0
1976-01-01,Portalegre,0,0
1976-01-01,Avis/Benavila,0,0
1976-01-01,Coruche,,
1976-01-01,Mora,,
1976-01-01,Elvas,0,0
1976-01-01,Pegões,0,0
1976-01-01,Setúbal,0,0
1976-01-01,Alcácer do Sal,0,0
1976-01-01,Amareleja,0,0
1976-01-01,Beja,0,0
1976-01-01,Alvalade,0,0
1976-01-01,Mértola,0,0
1976-01-01,Zambujeira,0,0
1976-01-01,Castro Verde/N. Corvo,,
1976-01-01,V. R. de Santo António,9,1
1976-01-01,Faro/Aeroporto,0,0
1976-01-01,Sagres,0,0
1977-01-01,Alvega,0,0
1977-01-01,Portalegre,0,0
1977-01-01,Avis/Benavila,0,0
1977-01-01,Coruche,,
1977-01-01,Mora,,
1977-01-01,Elvas,0,0
1977-01-01,Pegões,0,0
1977-01-01,Setúbal,0,0
1977-01-01,Alcácer do Sal,0,0
1977-01-01,Amareleja,0,0
1977-01-01,Beja,0,0
1977-01-01,Alvalade,0,0
1977-01-01,Mértola,0,0
1977-01-01,Zambujeira,0,0
1977-01-01,Castro Verde/N. Corvo,,
1977-01-01,V. R. de Santo António,0,0
1977-01-01,Faro/Aeroporto,0,0
1977-01-01,Sagres,0,0
1978-01-01,Alvega,0,0
1978-01-01,Portalegre,0,0
1978-01-01,Avis/Benavila,0,0
1978-01-01,Coruche,,
1978-01-01,Mora,,
1978-01-01,Elvas,0,0
1978-01-01,Pegões,0,0
1978-01-01,Setúbal,0,0
1978-01-01,Alcácer do Sal,0,0
1978-01-01,Amareleja,0,0
1978-01-01,Beja,0,0
1978-01-01,Alvalade,0,0
1978-01-01,Mértola,0,0
1978-01-01,Zambujeira,0,0
1978-01-01,Castro Verde/N. Corvo,,
1978-01-01,V. R. de Santo António,0,0
1978-01-01,Faro/Aeroporto,0,0
1978-01-01,Sagres,0,0
1979-01-01,Alvega,0,0
1979-01-01,Portalegre,0,0
1979-01-01,Avis/Benavila,0,0
1979-01-01,Coruche,,
1979-01-01,Mora,,
1979-01-01,Elvas,0,0
1979-01-01,Pegões,0,0
1979-01-01,Setúbal,0,0
1979-01-01,Alcácer do Sal,0,0
1979-01-01,Amareleja,0,0
1979-01-01,Beja,0,0
1979-01-01,Alvalade,0,0
1979-01-01,Mértola,0,0
1979-01-01,Zambujeira,0,0
1979-01-01,Castro Verde/N. Corvo,,
1979-01-01,V. R. de Santo António,0,0
1979-01-01,Faro/Aeroporto,0,0
1979-01-01,Sagres,0,0
1980-01-01,Alvega,0,0
1980-01-01,Portalegre,0,0
1980-01-01,Avis/Benavila,0,0
1980-01-01,Coruche,,
1980-01-01,Mora,0,0
1980-01-01,Elvas,0,0
1980-01-01,Pegões,0,0
1980-01-01,Setúbal,0,0
1980-01-01,Alcácer do Sal,0,0
1980-01-01,Amareleja,0,0
1980-01-01,Beja,0,0
1980-01-01,Alvalade,0,0
1980-01-01,Mértola,0,0
1980-01-01,Zambujeira,0,0
1980-01-01,Castro Verde/N. Corvo,,
1980-01-01,V. R. de Santo António,0,0
1980-01-01,Faro/Aeroporto,0,0
1980-01-01,Sagres,0,0
1981-01-01,Alvega,9,1
1981-01-01,Portalegre,10,1
1981-01-01,Avis/Benavila,9,1
1981-01-01,Coruche,8,1
1981-01-01,Mora,8,1
1981-01-01,Elvas,9,1
1981-01-01,Pegões,6,1
1981-01-01,Setúbal,7,1
1981-01-01,Alcácer do Sal,7,1
1981-01-01,Amareleja,9,1
1981-01-01,Beja,10,1
1981-01-01,Alvalade,9,1
1981-01-01,Mértola,9,1
1981-01-01,Zambujeira,0,0
1981-01-01,Castro Verde/N. Corvo,,
1981-01-01,V. R. de Santo António,0,0
1981-01-01,Faro/Aeroporto,0,0
1981-01-01,Sagres,0,0
1982-01-01,Alvega,0,0
1982-01-01,Portalegre,0,0
1982-01-01,Avis/Benavila,0,0
1982-01-01,Coruche,0,0
1982-01-01,Mora,0,0
1982-01-01,Elvas,0,0
1982-01-01,Pegões,0,0
1982-01-01,Setúbal,0,0
1982-01-01,Alcácer do Sal,0,0
1982-01-01,Amareleja,0,0
1982-01-01,Beja,0,0
1982-01-01,Alvalade,0,0
1982-01-01,Mértola,0,0
1982-01-01,Zambujeira,0,0
1982-01-01,Castro Verde/N. Corvo,,
1982-01-01,V. R. de Santo António,0,0
1982-01-01,Faro/Aeroporto,0,0
1982-01-01,Sagres,0,0
1983-01-01,Alvega,0,0
1983-01-01,Portalegre,0,0
1983-01-01,Avis/Benavila,0,0
1983-01-01,Coruche,0,0
1983-01-01,Mora,0,0
1983-01-01,Elvas,0,0
1983-01-01,Pegões,0,0
1983-01-01,Setúbal,0,0
1983-01-01,Alcácer do Sal,0,0
1983-01-01,Amareleja,0,0
1983-01-01,Beja,0,0
1983-01-01,Alvalade,0,0
1983-01-01,Mértola,0,0
1983-01-01,Zambujeira,0,0
1983-01-01,Castro Verde/N. Corvo,0,0
1983-01-01,V. R. de Santo António,0,0
1983-01-01,Faro/Aeroporto,0,0
1983-01-01,Sagres,0,0
1984-01-01,Alvega,0,0
1984-01-01,Portalegre,0,0
1984-01-01,Avis/Benavila,0,0
1984-01-01,Coruche,0,0
1984-01-01,Mora,0,0
1984-01-01,Elvas,0,0
1984-01-01,Pegões,0,0
1984-01-01,Setúbal,0,0
1984-01-01,Alcácer do Sal,0,0
1984-01-01,Amareleja,0,0
1984-01-01,Beja,0,0
1984-01-01,Alvalade,0,0
1984-01-01,Mértola,0,0
1984-01-01,Zambujeira,0,0
1984-01-01,Castro Verde/N. Corvo,0,0
1984-01-01,V. R. de Santo António,0,0
1984-01-01,Faro/Aeroporto,0,0
1984-01-01,Sagres,0,0
1985-01-01,Alvega,0,0
1985-01-01,Portalegre,0,0
1985-01-01,Avis/Benavila,0,0
1985-01-01,Coruche,0,0
1985-01-01,Mora,0,0
1985-01-01,Elvas,0,0
1985-01-01,Pegões,0,0
1985-01-01,Setúbal,0,0
1985-01-01,Alcácer do Sal,0,0
1985-01-01,Amareleja,0,0
1985-01-01,Beja,0,0
1985-01-01,Alvalade,0,0
1985-01-01,Mértola,0,0
1985-01-01,Zambujeira,0,0
1985-01-01,Castro Verde/N. Corvo,0,0
1985-01-01,V. R. de Santo António,0,0
1985-01-01,Faro/Aeroporto,0,0
1985-01-01,Sagres,0,0
1986-01-01,Alvega,0,0
1986-01-01,Portalegre,0,0
1986-01-01,Avis/Benavila,0,0
1986-01-01,Coruche,0,0
1986-01-01,Mora,0,0
1986-01-01,Elvas,0,0
1986-01-01,Pegões,0,0
1986-01-01,Setúbal,0,0
1986-01-01,Alcácer do Sal,0,0
1986-01-01,Amareleja,0,0
1986-01-01,Beja,0,0
1986-01-01,Alvalade,0,0
1986-01-01,Mértola,0,0
1986-01-01,Zambujeira,0,0
1986-01-01,Castro Verde/N. Corvo,0,0
1986-01-01,V. R. de Santo António,0,0
1986-01-01,Faro/Aeroporto,0,0
1986-01-01,Sagres,0,0
1987-01-01,Alvega,0,0
1987-01-01,Portalegre,0,0
1987-01-01,Avis/Benavila,0,0
1987-01-01,Coruche,0,0
1987-01-01,Mora,9,1
1987-01-01,Elvas,0,0
1987-01-01,Pegões,8,1
1987-01-01,Setúbal,6,1
1987-01-01,Alcácer do Sal,0,0
1987-01-01,Amareleja,0,0
1987-01-01,Beja,0,0
1987-01-01,Alvalade,6,1
1987-01-01,Mértola,0,0
1987-01-01,Zambujeira,0,0
1987-01-01,Castro Verde/N. Corvo,0,0
1987-01-01,V. R. de Santo António,0,0
1987-01-01,Faro/Aeroporto,0,0
1987-01-01,Sagres,0,0
1988-01-01,Alvega,0,0
1988-01-01,Portalegre,0,0
1988-01-01,Avis/Benavila,0,0
1988-01-01,Coruche,0,0
1988-01-01,Mora,0,0
1988-01-01,Elvas,0,0
1988-01-01,Pegões,0,0
1988-01-01,Setúbal,0,0
1988-01-01,Alcácer do Sal,0,0
1988-01-01,Amareleja,0,0
1988-01-01,Beja,0,0
1988-01-01,Alvalade,0,0
1988-01-01,Mértola,0,0
1988-01-01,Zambujeira,0,0
1988-01-01,Castro Verde/N. Corvo,0,0
1988-01-01,V. R. de Santo António,0,0
1988-01-01,Faro/Aeroporto,0,0
1988-01-01,Sagres,0,0
1989-01-01,Alvega,0,0
1989-01-01,Portalegre,0,0
1989-01-01,Avis/Benavila,7,1
1989-01-01,Coruche,0,0
1989-01-01,Mora,0,0
1989-01-01,Elvas,0,0
1989-01-01,Pegões,0,0
1989-01-01,Setúbal,0,0
1989-01-01,Alcácer do Sal,0,0
1989-01-01,Amareleja,0,0
1989-01-01,Beja,0,0
1989-01-01,Alvalade,0,0
1989-01-01,Mértola,0,0
1989-01-01,Zambujeira,0,0
1989-01-01,Castro Verde/N. Corvo,0,0
1989-01-01,V. R. de Santo António,0,0
1989-01-01,Faro/Aeroporto,0,0
1989-01-01,Sagres,0,0
1990-01-01,Alvega,6,1
1990-01-01,Portalegre,0,0
1990-01-01,Avis/Benavila,9,1
1990-01-01,Coruche,0,0
1990-01-01,Mora,9,1
1990-01-01,Elvas,0,0
1990-01-01,Pegões,0,0
1990-01-01,Setúbal,0,0
1990-01-01,Alcácer do Sal,0,0
1990-01-01,Amareleja,0,0
1990-01-01,Beja,0,0
1990-01-01,Alvalade,0,0
1990-01-01,Mértola,0,0
1990-01-01,Zambujeira,8,1
1990-01-01,Castro Verde/N. Corvo,0,0
1990-01-01,V. R. de Santo António,0,0
1990-01-01,Faro/Aeroporto,0,0
1990-01-01,Sagres,0,0
1991-01-01,Alvega,7,1
1991-01-01,Portalegre,8,1
1991-01-01,Avis/Benavila,8,1
1991-01-01,Coruche,0,0
1991-01-01,Mora,6,1
1991-01-01,Elvas,6,1
1991-01-01,Pegões,0,0
1991-01-01,Setúbal,0,0
1991-01-01,Alcácer do Sal,0,0
1991-01-01,Amareleja,7,1
1991-01-01,Beja,7,1
1991-01-01,Alvalade,13,2
1991-01-01,Mértola,7,1
1991-01-01,Zambujeira,7,1
1991-01-01,Castro Verde/N. Corvo,7,1
1991-01-01,V. R. de Santo António,0,0
1991-01-01,Faro/Aeroporto,0,0
1991-01-01,Sagres,0,0
1992-01-01,Alvega,0,0
1992-01-01,Portalegre,0,0
1992-01-01,Avis/Benavila,0,0
1992-01-01,Coruche,0,0
1992-01-01,Mora,0,0
1992-01-01,Elvas,0,0
1992-01-01,Pegões,0,0
1992-01-01,Setúbal,0,0
1992-01-01,Alcácer do Sal,0,0
1992-01-01,Amareleja,0,0
1992-01-01,Beja,0,0
1992-01-01,Alvalade,0,0
1992-01-01,Mértola,0,0
1992-01-01,Zambujeira,6,1
1992-01-01,Castro Verde/N. Corvo,0,0
1992-01-01,V. R. de Santo António,0,0
1992-01-01,Faro/Aeroporto,0,0
1992-01-01,Sagres,0,0
1993-01-01,Alvega,0,0
1993-01-01,Portalegre,0,0
1993-01-01,Avis/Benavila,0,0
1993-01-01,Coruche,0,0
1993-01-01,Mora,0,0
1993-01-01,Elvas,0,0
1993-01-01,Pegões,0,0
1993-01-01,Setúbal,0,0
1993-01-01,Alcácer do Sal,0,0
1993-01-01,Amareleja,0,0
1993-01-01,Beja,0,0
1993-01-01,Alvalade,0,0
1993-01-01,Mértola,0,0
1993-01-01,Zambujeira,0,0
1993-01-01,Castro Verde/N. Corvo,0,0
1993-01-01,V. R. de Santo António,0,0
1993-01-01,Faro/Aeroporto,0,0
1993-01-01,Sagres,0,0
1994-01-01,Alvega,0,0
1994-01-01,Portalegre,0,0
1994-01-01,Avis/Benavila,0,0
1994-01-01,Coruche,0,0
1994-01-01,Mora,0,0
1994-01-01,Elvas,0,0
1994-01-01,Pegões,0,0
1994-01-01,Setúbal,0,0
1994-01-01,Alcácer do Sal,0,0
1994-01-01,Amareleja,0,0
1994-01-01,Beja,0,0
1994-01-01,Alvalade,0,0
1994-01-01,Mértola,0,0
1994-01-01,Zambujeira,0,0
1994-01-01,Castro Verde/N. Corvo,0,0
1994-01-01,V. R. de Santo António,0,0
1994-01-01,Faro/Aeroporto,0,0
1994-01-01,Sagres,0,0
1995-01-01,Alvega,0,0
1995-01-01,Portalegre,0,0
1995-01-01,Avis/Benavila,0,0
1995-01-01,Coruche,0,0
1995-01-01,Mora,0,0
1995-01-01,Elvas,7,1
1995-01-01,Pegões,0,0
1995-01-01,Setúbal,0,0
1995-01-01,Alcácer do Sal,0,0
1995-01-01,Amareleja,0,0
1995-01-01,Beja,0,0
1995-01-01,Alvalade,8,1
1995-01-01,Mértola,0,0
1995-01-01,Zambujeira,0,0
1995-01-01,Castro Verde/N. Corvo,0,0
1995-01-01,V. R. de Santo António,0,0
1995-01-01,Faro/Aeroporto,0,0
1995-01-01,Sagres,0,0
1996-01-01,Alvega,0,0
1996-01-01,Portalegre,0,0
1996-01-01,Avis/Benavila,0,0
1996-01-01,Coruche,0,0
1996-01-01,Mora,0,0
1996-01-01,Elvas,0,0
1996-01-01,Pegões,6,1
1996-01-01,Setúbal,0,0
1996-01-01,Alcácer do Sal,0,0
1996-01-01,Amareleja,0,0
1996-01-01,Beja,0,0
1996-01-01,Alvalade,0,0
1996-01-01,Mértola,0,0
1996-01-01,Zambujeira,0,0
1996-01-01,Castro Verde/N. Corvo,0,0
1996-01-01,V. R. de Santo António,0,0
1996-01-01,Faro/Aeroporto,0,0
1996-01-01,Sagres,0,0
1997-01-01,Alvega,0,0
1997-01-01,Portalegre,0,0
1997-01-01,Avis/Benavila,0,0
1997-01-01,Coruche,0,0
1997-01-01,Mora,0,0
1997-01-01,Elvas,0,0
1997-01-01,Pegões,0,0
1997-01-01,Setúbal,0,0
1997-01-01,Alcácer do Sal,0,0
1997-01-01,Amareleja,0,0
1997-01-01,Beja,0,0
1997-01-01,Alvalade,0,0
1997-01-01,Mértola,0,0
1997-01-01,Zambujeira,0,0
1997-01-01,Castro Verde/N. Corvo,0,0
1997-01-01,V. R. de Santo António,0,0
1997-01-01,Faro/Aeroporto,0,0
1997-01-01,Sagres,0,0
1998-01-01,Alvega,0,0
1998-01-01,Portalegre,6,1
1998-01-01,Avis/Benavila,0,0
1998-01-01,Coruche,0,0
1998-01-01,Mora,13,2
1998-01-01,Elvas,0,0
1998-01-01,Pegões,0,0
1998-01-01,Setúbal,0,0
1998-01-01,Alcácer do Sal,0,0
1998-01-01,Amareleja,6,1
1998-01-01,Beja,0,0
1998-01-01,Alvalade,6,1
1998-01-01,Mértola,0,0
1998-01-01,Zambujeira,0,0
1998-01-01,Castro Verde/N. Corvo,0,0
1998-01-01,V. R. de Santo António,0,0
1998-01-01,Faro/Aeroporto,0,0
1998-01-01,Sagres,0,0
1999-01-01,Alvega,0,0
1999-01-01,Portalegre,0,0
1999-01-01,Avis/Benavila,0,0
1999-01-01,Coruche,0,0
1999-01-01,Mora,0,0
1999-01-01,Elvas,0,0
1999-01-01,Pegões,0,0
1999-01-01,Setúbal,0,0
1999-01-01,Alcácer do Sal,0,0
1999-01-01,Amareleja,0,0
1999-01-01,Beja,0,0
1999-01-01,Alvalade,0,0
1999-01-01,Mértola,0,0
1999-01-01,Zambujeira,0,0
1999-01-01,Castro Verde/N. Corvo,0,0
1999-01-01,V. R. de Santo António,0,0
1999-01-01,Faro/Aeroporto,0,0
1999-01-01,Sagres,0,0
2000-01-01,Alvega,0,0
2000-01-01,Portalegre,0,0
2000-01-01,Avis/Benavila,0,0
2000-01-01,Coruche,0,0
2000-01-01,Mora,0,0
2000-01-01,Elvas,0,0
2000-01-01,Pegões,0,0
2000-01-01,Setúbal,0,0
2000-01-01,Alcácer do Sal,0,0
2000-01-01,Amareleja,0,0
2000-01-01,Beja,0,0
2000-01-01,Alvalade,0,0
2000-01-01,Mértola,0,0
2000-01-01,Zambujeira,0,0
2000-01-01,Castro Verde/N. Corvo,0,0
2000-01-01,V. R. de Santo António,0,0
2000-01-01,Faro/Aeroporto,0,0
2000-01-01,Sagres,0,0
2001-01-01,Alvega,2,0
2001-01-01,Portalegre,8,1
2001-01-01,Avis/Benavila,2,0
2001-01-01,Coruche,2,0
2001-01-01,Mora,2,0
2001-01-01,Elvas,2,0
2001-01-01,Pegões,1,0
2001-01-01,Setúbal,0,0
2001-01-01,Alcácer do Sal,1,0
2001-01-01,Amareleja,3,0
2001-01-01,Beja,2,0
2001-01-01,Alvalade,2,0
2001-01-01,Mértola,2,0
2001-01-01,Zambujeira,0,0
2001-01-01,Castro Verde/N. Corvo,2,0
2001-01-01,V. R. de Santo António,0,0
2001-01-01,Faro/Aeroporto,0,0
2001-01-01,Sagres,1,1
2002-01-01,Alvega,0,0
2002-01-01,Portalegre,0,0
2002-01-01,Avis/Benavila,0,0
2002-01-01,Coruche,0,0
2002-01-01,Mora,0,0
2002-01-01,Elvas,0,0
2002-01-01,Pegões,0,0
2002-01-01,Setúbal,0,0
2002-01-01,Alcácer do Sal,0,0
2002-01-01,Amareleja,0,0
2002-01-01,Beja,0,0
2002-01-01,Alvalade,0,0
2002-01-01,Mértola,0,0
2002-01-01,Zambujeira,0,0
2002-01-01,Castro Verde/N. Corvo,0,0
2002-01-01,V. R. de Santo António,0,0
2002-01-01,Faro/Aeroporto,0,0
2002-01-01,Sagres,0,0
2003-01-01,Alvega,16,1
2003-01-01,Portalegre,17,1
2003-01-01,Avis/Benavila,16,1
2003-01-01,Coruche,6,1
2003-01-01,Mora,17,1
2003-01-01,Elvas,11,1
2003-01-01,Pegões,0,0
2003-01-01,Setúbal,0,0
2003-01-01,Alcácer do Sal,0,0
2003-01-01,Amareleja,18,2
2003-01-01,Beja,10,1
2003-01-01,Alvalade,0,0
2003-01-01,Mértola,9,1
2003-01-01,Zambujeira,0,0
2003-01-01,Castro Verde/N. Corvo,9,1
2003-01-01,V. R. de Santo António,9,1
2003-01-01,Faro/Aeroporto,6,1
2003-01-01,Sagres,6,1
2004-01-01,Alvega,0,0
2004-01-01,Portalegre,16,2
2004-01-01,Avis/Benavila,6,1
2004-01-01,Coruche,0,0
2004-01-01,Mora,6,1
2004-01-01,Elvas,6,1
2004-01-01,Pegões,0,0
2004-01-01,Setúbal,0,0
2004-01-01,Alcácer do Sal,0,0
2004-01-01,Amareleja,7,1
2004-01-01,Beja,7,1
2004-01-01,Alvalade,6,1
2004-01-01,Mértola,0,0
2004-01-01,Zambujeira,0,0
2004-01-01,Castro Verde/N. Corvo,0,0
2004-01-01,V. R. de Santo António,12,2
2004-01-01,Faro/Aeroporto,6,1
2004-01-01,Sagres,0,0
2005-01-01,Alvega,14,2
2005-01-01,Portalegre,17,2
2005-01-01,Avis/Benavila,14,2
2005-01-01,Coruche,13,2
2005-01-01,Mora,0,0
2005-01-01,Elvas,14,2
2005-01-01,Pegões,0,0
2005-01-01,Setúbal,0,0
2005-01-01,Alcácer do Sal,0,0
2005-01-01,Amareleja,14,2
2005-01-01,Beja,0,0
2005-01-01,Alvalade,0,0
2005-01-01,Mértola,0,0
2005-01-01,Zambujeira,0,0
2005-01-01,Castro Verde/N. Corvo,6,1
2005-01-01,V. R. de Santo António,0,0
2005-01-01,Faro/Aeroporto,0,0
2005-01-01,Sagres,0,0
2006-01-01,Alvega,13,2
2006-01-01,Portalegre,0,0
2006-01-01,Avis/Benavila,9,1
2006-01-01,Coruche,22,3
2006-01-01,Mora,0,0
2006-01-01,Elvas,4,0
2006-01-01,Pegões,0,0
2006-01-01,Setúbal,0,0
2006-01-01,Alcácer do Sal,0,0
2006-01-01,Amareleja,5,0
2006-01-01,Beja,4,0
2006-01-01,Alvalade,5,0
2006-01-01,Mértola,4,0
2006-01-01,Zambujeira,0,0
2006-01-01,Castro Verde/N. Corvo,11,1
2006-01-01,V. R. de Santo António,0,0
2006-01-01,Faro/Aeroporto,0,0
2006-01-01,Sagres,0,0
2007-01-01,Alvega,0,0
2007-01-01,Portalegre,0,0
2007-01-01,Avis/Benavila,0,0
2007-01-01,Coruche,0,0
2007-01-01,Mora,0,0
2007-01-01,Elvas,0,0
2007-01-01,Pegões,0,0
2007-01-01,Setúbal,0,0
2007-01-01,Alcácer do Sal,0,0
2007-01-01,Amareleja,0,0
2007-01-01,Beja,0,0
2007-01-01,Alvalade,0,0
2007-01-01,Mértola,0,0
2007-01-01,Zambujeira,0,0
2007-01-01,Castro Verde/N. Corvo,0,0
2007-01-01,V. R. de Santo António,0,0
2007-01-01,Faro/Aeroporto,0,0
2007-01-01,Sagres,0,0
2008-01-01,Alvega,0,0
2008-01-01,Portalegre,0,0
2008-01-01,Avis/Benavila,0,0
2008-01-01,Coruche,6,1
2008-01-01,Mora,0,0
2008-01-01,Elvas,0,0
2008-01-01,Pegões,0,0
2008-01-01,Setúbal,0,0
2008-01-01,Alcácer do Sal,0,0
2008-01-01,Amareleja,0,0
2008-01-01,Beja,0,0
2008-01-01,Alvalade,0,0
2008-01-01,Mértola,6,1
2008-01-01,Zambujeira,0,0
2008-01-01,Castro Verde/N. Corvo,6,1
2008-01-01,V. R. de Santo António,0,0
2008-01-01,Faro/Aeroporto,0,0
2008-01-01,Sagres,0,0
2009-01-01,Alvega,6,1
2009-01-01,Portalegre,2,1
2009-01-01,Avis/Benavila,0,0
2009-01-01,Coruche,1,1
2009-01-01,Mora,6,1
2009-01-01,Elvas,2,1
2009-01-01,Pegões,1,1
2009-01-01,Setúbal,0,0
2009-01-01,Alcácer do Sal,6,1
2009-01-01,Amareleja,2,1
2009-01-01,Beja,1,1
2009-01-01,Alvalade,1,1
2009-01-01,Mértola,0,0
2009-01-01,Zambujeira,0,0
2009-01-01,Castro Verde/N. Corvo,1,1
2009-01-01,V. R. de Santo António,0,0
2009-01-01,Faro/Aeroporto,0,0
2009-01-01,Sagres,0,0
2010-01-01,Alvega,7,1
2010-01-01,Portalegre,11,2
2010-01-01,Avis/Benavila,7,1
2010-01-01,Coruche,7,1
2010-01-01,Mora,13,2
2010-01-01,Elvas,0,0
2010-01-01,Pegões,12,2
2010-01-01,Setúbal,0,0
2010-01-01,Alcácer do Sal,0,0
2010-01-01,Amareleja,0,0
2010-01-01,Beja,0,0
2010-01-01,Alvalade,0,0
2010-01-01,Mértola,0,0
2010-01-01,Zambujeira,0,0
2010-01-01,Castro Verde/N. Corvo,0,0
2010-01-01,V. R. de Santo António,0,0
2010-01-01,Faro/Aeroporto,0,0
2010-01-01,Sagres,0,0
2011-01-01,Alvega,0,0
2011-01-01,Portalegre,0,0
2011-01-01,Avis/Benavila,0,0
2011-01-01,Coruche,0,0
2011-01-01,Mora,0,0
2011-01-01,Elvas,0,0
2011-01-01,Pegões,0,0
2011-01-01,Setúbal,0,0
2011-01-01,Alcácer do Sal,0,0
2011-01-01,Amareleja,0,0
2011-01-01,Beja,0,0
2011-01-01,Alvalade,0,0
2011-01-01,Mértola,0,0
2011-01-01,Zambujeira,0,0
2011-01-01,Castro Verde/N. Corvo,0,0
2011-01-01,V. R. de Santo António,0,0
2011-01-01,Faro/Aeroporto,0,0
2011-01-01,Sagres,0,0
2012-01-01,Alvega,0,0
2012-01-01,Portalegre,0,0
2012-01-01,Avis/Benavila,0,0
2012-01-01,Coruche,0,0
2012-01-01,Mora,0,0
2012-01-01,Elvas,0,0
2012-01-01,Pegões,0,0
2012-01-01,Setúbal,0,0
2012-01-01,Alcácer do Sal,0,0
2012-01-01,Amareleja,0,0
2012-01-01,Beja,0,0
2012-01-01,Alvalade,0,0
2012-01-01,Mértola,0,0
2012-01-01,Zambujeira,0,0
2012-01-01,Castro Verde/N. Corvo,0,0
2012-01-01,V. R. de Santo António,0,0
2012-01-01,Faro/Aeroporto,0,0
2012-01-01,Sagres,0,0
2013-01-01,Alvega,16,2
2013-01-01,Portalegre,7,1
2013-01-01,Avis/Benavila,15,2
2013-01-01,Coruche,15,2
2013-01-01,Mora,16,2
2013-01-01,Elvas,7,1
2013-01-01,Pegões,8,1
2013-01-01,Setúbal,0,0
2013-01-01,Alcácer do Sal,0,0
2013-01-01,Amareleja,7,1
2013-01-01,Beja,7,1
2013-01-01,Alvalade,6,1
2013-01-01,Mértola,8,1
2013-01-01,Zambujeira,7,1
2013-01-01,Castro Verde/N. Corvo,7,1
2013-01-01,V. R. de Santo António,0,0
2013-01-01,Faro/Aeroporto,0,0
2013-01-01,Sagres,0,0
2014-01-01,Alvega,0,0
2014-01-01,Portalegre,0,0
2014-01-01,Avis/Benavila,0,0
2014-01-01,Coruche,0,0
2014-01-01,Mora,6,1
2014-01-01,Elvas,0,0
2014-01-01,Pegões,0,0
2014-01-01,Setúbal,0,0
2014-01-01,Alcácer do Sal,0,0
2014-01-01,Amareleja,0,0
2014-01-01,Beja,0,0
2014-01-01,Alvalade,6,1
2014-01-01,Mértola,0,0
2014-01-01,Zambujeira,0,0
2014-01-01,Castro Verde/N. Corvo,0,0
2014-01-01,V. R. de Santo António,0,0
2014-01-01,Faro/Aeroporto,0,0
2014-01-01,Sagres,0,0
2015-01-01,Alvega,7,1
2015-01-01,Portalegre,21,2
2015-01-01,Avis/Benavila,0,0
2015-01-01,Coruche,7,1
2015-01-01,Mora,8,1
2015-01-01,Elvas,8,1
2015-01-01,Pegões,7,1
2015-01-01,Setúbal,0,0
2015-01-01,Alcácer do Sal,6,1
2015-01-01,Amareleja,6,1
2015-01-01,Beja,8,1
2015-01-01,Alvalade,7,1
2015-01-01,Mértola,7,1
2015-01-01,Zambujeira,0,0
2015-01-01,Castro Verde/N. Corvo,6,1
2015-01-01,V. R. de Santo António,0,0
2015-01-01,Faro/Aeroporto,0,0
2015-01-01,Sagres,0,0
2016-01-01,Alvega,0,0
2016-01-01,Portalegre,7,1
2016-01-01,Avis/Benavila,0,0
2016-01-01,Coruche,0,0
2016-01-01,Mora,6,1
2016-01-01,Elvas,0,0
2016-01-01,Pegões,8,1
2016-01-01,Setúbal,8,1
2016-01-01,Alcácer do Sal,7,1
2016-01-01,Amareleja,0,0
2016-01-01,Beja,0,0
2016-01-01,Alvalade,6,1
2016-01-01,Mértola,0,0
2016-01-01,Zambujeira,0,0
2016-01-01,Castro Verde/N. Corvo,0,0
2016-01-01,V. R. de Santo António,0,0
2016-01-01,Faro/Aeroporto,0,0
2016-01-01,Sagres,0,0
2017-01-01,Alvega,24,3
2017-01-01,Portalegre,12,1
2017-01-01,Avis/Benavila,7,1
2017-01-01,Coruche,0,0
2017-01-01,Mora,7,1
2017-01-01,Elvas,12,1
2017-01-01,Pegões,6,1
2017-01-01,Setúbal,0,0
2017-01-01,Alcácer do Sal,6,1
2017-01-01,Amareleja,6,1
2017-01-01,Beja,6,1
2017-01-01,Alvalade,6,1
2017-01-01,Mértola,0,0
2017-01-01,Zambujeira,0,0
2017-01-01,Castro Verde/N. Corvo,12,2
2017-01-01,V. R. de Santo António,0,0
2017-01-01,Faro/Aeroporto,0,0
2017-01-01,Sagres,0,0
2018-01-01,Alvega,7,1
2018-01-01,Portalegre,6,1
2018-01-01,Avis/Benavila,6,1
2018-01-01,Coruche,7,1
2018-01-01,Mora,0,0
2018-01-01,Elvas,6,1
2018-01-01,Pegões,6,1
2018-01-01,Setúbal,6,1
2018-01-01,Alcácer do Sal,0,0
2018-01-01,Amareleja,6,1
2018-01-01,Beja,6,1
2018-01-01,Alvalade,6,1
2018-01-01,Mértola,6,1
2018-01-01,Zambujeira,0,0
2018-01-01,Castro Verde/N. Corvo,6,1
2018-01-01,V. R. de Santo António,0,0
2018-01-01,Faro/Aeroporto,0,0
2018-01-01,Sagres,0,0
2019-01-01,Alvega,2,1
2019-01-01,Portalegre,2,0
2019-01-01,Avis/Benavila,2,1
2019-01-01,Coruche,2,1
2019-01-01,Mora,2,0
2019-01-01,Elvas,3,0
2019-01-01,Pegões,2,1
2019-01-01,Setúbal,2,1
2019-01-01,Alcácer do Sal,2,0
2019-01-01,Amareleja,3,0
2019-01-01,Beja,3,0
2019-01-01,Alvalade,3,0
2019-01-01,Mértola,3,0
2019-01-01,Zambujeira,0,0
2019-01-01,Castro Verde/N. Corvo,6,0
2019-01-01,V. R. de Santo António,0,0
2019-01-01,Faro/Aeroporto,0,0
2019-01-01,Sagres,0,0
2020-01-01,Alvega,9,1
2020-01-01,Portalegre,0,0
2020-01-01,Avis/Benavila,8,1
2020-01-01,Coruche,0,0
2020-01-01,Mora,0,0
2020-01-01,Elvas,0,0
2020-01-01,Pegões,0,0
2020-01-01,Setúbal,0,0
2020-01-01,Alcácer do Sal,0,0
2020-01-01,Amareleja,0,0
2020-01-01,Beja,0,0
2020-01-01,Alvalade,8,1
2020-01-01,Mértola,0,0
2020-01-01,Zambujeira,0,0
2020-01-01,Castro Verde/N. Corvo,0,0
2020-01-01,V. R. de Santo António,0,0
2020-01-01,Faro/Aeroporto,0,0
2020-01-01,Sagres,0,0
2021-01-01,Alvega,14,2
2021-01-01,Portalegre,0,0
2021-01-01,Avis/Benavila,0,0
2021-01-01,Coruche,0,0
2021-01-01,Mora,0,0
2021-01-01,Elvas,0,0
2021-01-01,Pegões,0,0
2021-01-01,Setúbal,0,0
2021-01-01,Alcácer do Sal,0,0
2021-01-01,Amareleja,0,0
2021-01-01,Beja,0,0
2021-01-01,Alvalade,0,0
2021-01-01,Mértola,0,0
2021-01-01,Zambujeira,0,0
2021-01-01,Castro Verde/N. Corvo,0,0
2021-01-01,V. R. de Santo António,0,0
2021-01-01,Faro/Aeroporto,0,0
2021-01-01,Sagres,0,0
2022-01-01,Alvega,25,3
2022-01-01,Portalegre,18,2
2022-01-01,Avis/Benavila,18,2
2022-01-01,Coruche,19,2
2022-01-01,Mora,19,2
2022-01-01,Elvas,16,2
2022-01-01,Pegões,23,3
2022-01-01,Setúbal,7,1
2022-01-01,Alcácer do Sal,14,2
2022-01-01,Amareleja,16,2
2022-01-01,Beja,7,1
2022-01-01,Alvalade,13,2
2022-01-01,Mértola,7,1
2022-01-01,Zambujeira,8,1
2022-01-01,Castro Verde/N. Corvo,7,1
2022-01-01,V. R. de Santo António,0,0
2022-01-01,Faro/Aeroporto,0,0
2022-01-01,Sagres,0,0
2023-01-01,Alvega,12,2
2023-01-01,Portalegre,12,2
2023-01-01,Avis/Benavila,6,1
2023-01-01,Coruche,12,2
2023-01-01,Mora,6,1
2023-01-01,Elvas,12,2
2023-01-01,Pegões,12,2
2023-01-01,Setúbal,12,2
2023-01-01,Alcácer do Sal,12,2
2023-01-01,Amareleja,12,2
2023-01-01,Beja,12,2
2023-01-01,Alvalade,12,2
2023-01-01,Mértola,12,2
2023-01-01,Zambujeira,0,0
2023-01-01,Castro Verde/N. Corvo,12,2
2023-01-01,V. R. de Santo António,7,1
2023-01-01,Faro/Aeroporto,0,0
2023-01-01,Sagres,6,1
2024-01-01,Alvega,4,1
2024-01-01,Portalegre,10,2
2024-01-01,Avis/Benavila,4,1
2024-01-01,Coruche,4,1
2024-01-01,Mora,7,1
2024-01-01,Elvas,10,2
2024-01-01,Pegões,0,0
2024-01-01,Setúbal,0,0
2024-01-01,Alcácer do Sal,6,1
2024-01-01,Amareleja,2,1
2024-01-01,Beja,0,0
2024-01-01,Alvalade,3,1
2024-01-01,Mértola,1,0
2024-01-01,Zambujeira,0,0
2024-01-01,Castro Verde/N. Corvo,2,1
2024-01-01,V. R. de Santo António,0,0
2024-01-01,Faro/Aeroporto,0,0
2024-01-01,Sagres,0,0
2025-01-01,Alvega,29,4
2025-01-01,Portalegre,28,4
2025-01-01,Avis/Benavila,18,3
2025-01-01,Coruche,16,3
2025-01-01,Mora,33,5
2025-01-01,Elvas,24,4
2025-01-01,Pegões,14,3
2025-01-01,Setúbal,0,0
2025-01-01,Alcácer do Sal,6,1
2025-01-01,Amareleja,17,2
2025-01-01,Beja,15,3
2025-01-01,Alvalade,25,3
2025-01-01,Mértola,13,2
2025-01-01,Zambujeira,7,1
2025-01-01,Castro Verde/N. Corvo,12,2
2025-01-01,V. R. de Santo António,7,1
2025-01-01,Faro/Aeroporto,0,0
2025-01-01,Sagres,0,0